NumHAcceptors,NumHDonors,anchor_end_PA,anchor_end_SA,anchor_end_CA,anchor_end_BA,anchor_end_O,anchor_end_SiO,anchor_end_N,anchor_end_S,alkyl_num,frag_sym,HOMO_calc,LUMO_calc,dipole,MPI,surface_min,surface_max,TPSA,MolLogP,PSA,control_PCE,MetalOxide_ITO,MetalOxide_NiOx,MetalOxide_SnO2,MetalOxide_TiO2,MetalOxide_ZnO,PCE
2,2,1.0,0.0,0.0,0.0,0.0,0.0,0.0,0.0,2,1,-5.674706,-1.037645,1.987073,11.45514,-40.24684,53.42063,62.46,2.9722,134.93,19.9,0,1,0,0,0,22.4
4,2,1.0,0.0,0.0,0.0,0.0,0.0,0.0,0.0,2,1,-5.155686,-1.02242,1.201658,12.11319,-41.3198,52.16786,80.92,2.9894,197.0,19.9,0,1,0,0,0,21.0
4,2,1.0,0.0,0.0,0.0,0.0,0.0,0.0,0.0,4,1,-5.182687,-1.386859,2.954174,12.05384,-40.46879,51.108,80.92,6.076,287.91,20.1,0,1,0,0,0,25.6
3,1,0.0,1.0,0.0,0.0,0.0,0.0,0.0,0.0,0,0,-8.070575,-1.975575,6.131034,17.92665,-35.95829,45.14769,67.26,0.3283,122.3,14.65,0,0,0,1,0,16.54
3,1,0.0,1.0,0.0,0.0,0.0,0.0,0.0,0.0,0,0,-7.65558,-1.919355,3.424702,15.53109,-31.7079,57.5973,67.26,0.3283,107.98,14.65,0,0,0,1,0,16.88
1,1,0.0,0.0,1.0,0.0,0.0,0.0,0.0,0.0,0,1,-7.29672,-1.506979,1.839161,10.41554,-34.27143,47.16117,37.3,1.3848,59.22,17.19,0,0,1,0,0,18.11
2,1,0.0,0.0,1.0,0.0,0.0,0.0,0.0,0.0,0,1,-7.261424,-2.045861,1.894267,11.03408,-34.44694,52.84255,50.19,0.7798,66.37,17.19,0,0,1,0,0,18.77
2,1,0.0,0.0,1.0,0.0,0.0,0.0,0.0,0.0,0,1,-7.76638,-2.49541,3.582808,13.54822,-36.46608,54.5764,61.09,1.25648,99.78,17.19,0,0,1,0,0,18.27
2,2,0.0,0.0,1.0,0.0,0.0,0.0,0.0,0.0,0,1,-5.891418,-0.902184,4.129124,14.50899,-39.65044,41.1939,63.32,0.967,97.09,17.19,0,0,1,0,0,16.5
2,2,0.0,0.0,1.0,0.0,0.0,0.0,0.0,0.0,2,1,-6.512111,0.220541,1.436695,13.71383,-34.7477,46.16131,63.32,-0.5802,71.82,17.19,0,0,1,0,0,17.11
2,2,0.0,0.0,1.0,0.0,0.0,0.0,0.0,0.0,2,1,-6.512111,0.220541,1.436695,13.71383,-34.7477,46.16131,63.32,-0.5802,71.82,10.76,0,0,0,1,0,13.27
1,1,0.0,0.0,1.0,0.0,0.0,0.0,0.0,0.0,0,1,-7.29672,-1.506979,1.839161,10.41554,-34.27143,47.16117,37.3,1.3848,59.22,15.5,0,1,0,0,0,16.2
2,2,0.0,0.0,1.0,0.0,0.0,0.0,0.0,0.0,0,1,-5.891418,-0.902184,4.129124,14.50899,-39.65044,41.1939,63.32,0.967,97.09,15.5,0,1,0,0,0,12.8
2,1,0.0,0.0,1.0,0.0,0.0,0.0,0.0,0.0,0,1,-6.457486,-1.169664,2.38218,11.67811,-36.5637,44.2885,46.53,1.3934,88.35,15.5,0,1,0,0,0,13.8
1,1,0.0,0.0,1.0,0.0,0.0,0.0,0.0,0.0,0,1,-7.126442,-1.721957,1.392593,8.94094,-32.05022,49.53526,37.3,2.0382,53.12,15.5,0,1,0,0,0,17.6
1,1,0.0,0.0,1.0,0.0,0.0,0.0,0.0,0.0,0,1,-7.051705,-0.065122,1.399569,8.9432,-31.76457,49.85897,37.3,2.1473,54.43,15.5,0,1,0,0,0,18.4
2,2,0.0,0.0,0.0,1.0,0.0,0.0,0.0,0.0,0,1,-6.661835,-0.662957,3.982903,12.52191,-20.77447,59.26754,40.46,-0.4945,78.44,12.49,1,0,0,0,0,14.04
2,2,0.0,0.0,0.0,1.0,0.0,0.0,0.0,0.0,0,1,-6.72655,-1.088617,4.265369,12.42975,-18.26319,62.06059,40.46,-0.3554,74.04,12.49,1,0,0,0,0,15.66
2,2,0.0,0.0,0.0,1.0,0.0,0.0,0.0,0.0,0,1,-6.974557,-1.10511,5.506195,12.0761,-18.1296,63.41374,40.46,-0.2163,78.78,12.49,1,0,0,0,0,13.23
1,2,1.0,0.0,0.0,0.0,0.0,0.0,0.0,0.0,6,1,-6.837897,-0.939914,2.083859,12.77546,-41.72126,50.08804,57.53,2.1595,156.56,11.74,0,0,0,1,0,11.04
1,2,1.0,0.0,0.0,0.0,0.0,0.0,0.0,0.0,4,1,-7.745075,0.876884,1.173248,11.96575,-43.60236,48.52907,57.53,0.9642,64.68,11.74,0,0,0,1,0,11.65
1,2,1.0,0.0,0.0,0.0,0.0,0.0,0.0,0.0,4,1,-6.895599,-1.012052,2.063907,13.5782,-40.58477,51.23408,57.53,1.3793,134.4,11.74,0,0,0,1,0,13.83
2,3,1.0,0.0,0.0,0.0,0.0,0.0,0.0,0.0,3,1,-6.468058,0.813637,1.291902,15.35663,-42.33522,49.33952,83.55,-0.4871,104.75,11.74,0,0,0,1,0,13.85
1,2,1.0,0.0,0.0,0.0,0.0,0.0,0.0,0.0,1,1,-7.087901,-1.513624,0.835144,15.89139,-39.09684,55.30263,57.53,0.5566,92.19,11.74,0,0,0,1,0,15.21
1,2,1.0,0.0,0.0,0.0,0.0,0.0,0.0,0.0,3,1,-8.000275,0.665047,2.731028,14.79612,-40.54859,52.55848,57.53,1.5066,119.73,11.74,0,0,0,1,0,16.09
7,3,0.0,0.0,1.0,0.0,0.0,0.0,0.0,0.0,0,0,-5.993646,-2.046762,7.358126,13.7118,-44.57619,58.46744,139.59,0.8937,192.57,19.0,0,0,0,1,0,20.5
4,1,0.0,0.0,1.0,0.0,0.0,0.0,0.0,0.0,0,0,-6.08631,-2.940758,6.425965,12.56562,-41.08524,50.22557,61.09,3.46818,129.42,15.41,0,0,0,0,1,17.07
4,1,0.0,0.0,1.0,0.0,0.0,0.0,0.0,0.0,0,0,-5.165128,-2.457781,9.65889,12.46693,-46.84124,44.66733,64.33,5.57568,218.99,15.41,0,0,0,0,1,18.82
1,1,0.0,0.0,1.0,0.0,0.0,0.0,0.0,0.0,0,1,-7.774331,-2.070342,2.058822,9.71932,-29.55815,52.22006,37.3,2.4036,70.08,16.84,0,0,1,0,0,18.67
1,1,0.0,0.0,1.0,0.0,0.0,0.0,0.0,0.0,0,1,-7.010005,-1.389359,2.273694,10.39089,-35.57709,45.80891,37.3,1.69322,66.01,16.84,0,0,1,0,0,17.68
2,1,0.0,0.0,1.0,0.0,0.0,0.0,0.0,0.0,0,0,-7.602411,-2.341027,1.684603,12.47606,-34.11404,53.50903,50.19,1.7986,90.51,16.84,0,0,1,0,0,17.75
2,1,0.0,1.0,0.0,0.0,0.0,0.0,0.0,0.0,0,1,-7.509188,-1.751571,3.501507,12.90576,-33.29385,56.77247,54.37,1.5867,97.15,19.5,0,1,0,0,0,21.8
3,2,0.0,0.0,0.0,1.0,0.0,0.0,0.0,0.0,0,1,-5.932056,-0.324986,2.124124,13.44304,-25.81763,55.65144,49.69,-0.625,114.94,7.48,0,0,0,1,0,11.34
4,2,0.0,0.0,0.0,1.0,0.0,0.0,0.0,0.0,0,1,-5.717955,-0.564096,4.1738,13.34195,-29.13419,58.12707,58.92,-0.6164,115.7,7.48,0,0,0,1,0,10.85
5,2,0.0,0.0,0.0,1.0,0.0,0.0,0.0,0.0,0,1,-5.705587,-0.479694,4.272744,13.01917,-43.60748,57.57183,68.15,-0.6078,117.08,7.48,0,0,0,1,0,10.43
2,2,0.0,0.0,1.0,0.0,0.0,0.0,0.0,0.0,1,1,-6.796841,0.119092,1.238987,14.73779,-35.22801,48.8338,63.32,-0.9703,70.92,10.76,0,0,0,1,0,13.14
2,2,0.0,0.0,1.0,0.0,0.0,0.0,0.0,0.0,1,0,-6.607128,0.023966,1.482429,12.58423,-33.34708,48.18131,63.32,-0.5818,62.64,10.76,0,0,0,1,0,14.22
2,2,0.0,0.0,1.0,0.0,0.0,0.0,0.0,0.0,4,1,-6.349085,0.182776,2.53006,12.58813,-38.95835,46.91943,63.32,0.2,90.71,10.76,0,0,0,1,0,11.72
2,1,0.0,0.0,1.0,0.0,0.0,0.0,0.0,0.0,0,0,-6.984313,-1.356977,1.606405,10.63053,-34.41696,47.3162,37.3,1.4463,57.12,19.8,0,0,0,1,0,21.2
3,2,1.0,0.0,0.0,0.0,0.0,0.0,0.0,0.0,4,1,-5.22948,-0.995949,3.893534,11.29404,-38.76406,52.89562,70.0,5.4133,179.51,20.55,0,1,0,0,0,23.66
6,4,0.0,0.0,1.0,0.0,0.0,0.0,0.0,0.0,1,0,-5.734971,0.018503,2.0976,14.60848,-37.38109,49.23754,155.68,-2.0712,176.57,18.93,0,0,1,0,0,21.6
6,4,0.0,0.0,1.0,0.0,0.0,0.0,0.0,0.0,1,0,-5.734971,0.018503,2.0976,14.60848,-37.38109,49.23754,155.68,-2.0712,176.57,18.79,0,0,0,0,1,20.39
1,0,0.0,0.0,0.0,0.0,1.0,0.0,0.0,0.0,0,1,-7.004754,-1.037784,3.8603,9.74821,-49.89667,16.66782,17.07,3.326,124.65,19.01,0,0,1,0,0,20.69
4,1,0.0,0.0,0.0,0.0,0.0,1.0,0.0,0.0,3,1,-6.235686,1.247911,1.665693,6.86841,-40.22922,21.77645,53.71,1.3836,56.75,14.69,0,0,1,0,0,17.03
3,3,0.0,0.0,0.0,0.0,1.0,0.0,1.0,0.0,2,0,-5.629067,-0.019791,3.517359,11.8846,-37.50858,55.69695,66.48,0.599,95.16,14.05,0,0,1,0,0,16.65
3,3,0.0,0.0,0.0,0.0,1.0,0.0,1.0,0.0,2,1,-5.737593,1.3017,1.457171,11.08371,-33.86006,41.08512,52.49,-1.4394,58.86,11.47,0,1,0,0,0,15.9
3,0,0.0,1.0,0.0,0.0,0.0,0.0,0.0,0.0,3,1,-5.666587,-2.41466,10.280853,26.36403,-61.81134,39.01268,61.08,-0.0906,175.13,19.63,0,0,1,0,0,21.43
2,2,0.0,0.0,0.0,0.0,1.0,0.0,1.0,0.0,2,1,-6.191948,1.306303,0.839986,11.61192,-39.77794,41.94646,46.25,-1.0626,43.84,12.8,0,0,0,1,0,16.3
3,2,0.0,0.0,1.0,0.0,0.0,0.0,0.0,0.0,0,0,-7.397986,-2.103406,3.544742,14.6946,-35.78387,53.45589,97.46,0.6856,119.62,23.75,0,0,0,1,0,25.32
3,2,0.0,0.0,1.0,0.0,0.0,0.0,0.0,0.0,0,0,-6.703703,-2.728762,6.343675,14.8121,-39.78824,64.8047,81.32,1.38378,119.03,21.26,0,0,1,0,0,23.02
3,3,0.0,0.0,1.0,0.0,0.0,0.0,0.0,0.0,0,0,-5.72734,-0.667458,2.448948,15.89321,-34.74231,47.28162,92.0,-0.3099,92.52,22.89,0,0,1,0,0,24.71
6,1,0.0,0.0,1.0,0.0,0.0,0.0,0.0,0.0,0,0,-5.321591,-3.025292,5.476426,8.73501,-39.13829,49.72597,90.11,8.48668,185.2,22.16,0,1,0,0,0,23.48
2,2,0.0,0.0,0.0,1.0,0.0,0.0,0.0,0.0,0,0,-6.382406,-0.998106,4.311716,11.67398,-19.52881,60.52804,40.46,-0.029,91.12,20.04,0,1,0,0,0,22.91
2,2,0.0,0.0,0.0,1.0,0.0,0.0,0.0,0.0,0,0,-6.762661,-1.231503,0.926012,8.47821,-23.39947,40.7957,40.46,-0.029,58.66,20.04,0,1,0,0,0,21.81
2,1,0.0,1.0,0.0,0.0,0.0,0.0,0.0,0.0,0,0,-7.23404,-1.755012,4.808819,13.68364,-33.91239,42.70294,54.37,1.5379,111.84,20.04,0,1,0,0,0,21.37
1,1,0.0,0.0,1.0,0.0,0.0,0.0,0.0,0.0,0,0,-7.217721,-1.796392,4.653361,12.31253,-41.30111,30.32329,37.3,1.9894,91.45,20.04,0,1,0,0,0,20.77
6,3,0.0,0.0,0.0,0.0,1.0,0.0,0.0,0.0,0,0,-6.113971,-0.702201,5.742655,17.18175,-41.38529,50.40166,96.22,-0.9289,164.11,20.95,0,0,1,0,0,23.43
2,2,0.0,0.0,1.0,0.0,0.0,0.0,0.0,0.0,0,1,-8.186258,-2.35938,0.0,16.77886,-25.96207,48.71585,74.6,-0.8444,71.04,21.2,0,0,1,0,0,22.91
2,2,0.0,0.0,1.0,0.0,0.0,0.0,0.0,0.0,1,1,-7.847118,-0.200495,2.338908,17.30172,-33.47507,52.31433,74.6,-0.4543,91.04,21.2,0,0,1,0,0,22.41
2,2,0.0,0.0,1.0,0.0,0.0,0.0,0.0,0.0,2,1,-7.720123,-0.084857,0.7051,14.5784,-31.33403,48.92321,74.6,-0.0642,91.42,21.2,0,0,1,0,0,21.81
2,4,0.0,0.0,1.0,0.0,0.0,0.0,0.0,0.0,2,0,-5.983251,-0.15977,4.217769,17.7853,-49.21478,52.88897,99.2,-1.44593,104.93,22.6,0,0,1,0,0,24.7
3,3,0.0,0.0,1.0,0.0,0.0,0.0,0.0,0.0,0,0,-6.523852,0.097106,8.087402,17.67823,-49.39487,56.17143,92.0,-0.6359,109.98,20.05,0,0,1,0,0,21.04
2,2,0.0,0.0,1.0,0.0,0.0,0.0,0.0,0.0,1,1,-6.796841,0.119092,1.238987,14.73779,-35.22801,48.8338,63.32,-0.9703,70.92,18.82,0,0,1,0,0,20.68
3,0,0.0,0.0,0.0,0.0,0.0,1.0,0.0,0.0,3,1,-6.68365,-0.775612,3.615849,9.28994,-24.76018,15.52877,27.69,1.6896,124.6,20.15,0,0,1,0,0,21.44
3,0,0.0,0.0,0.0,0.0,0.0,1.0,0.0,0.0,3,1,-7.402452,1.242785,1.419746,6.59395,-28.30093,12.58998,27.69,1.2745,35.4,20.15,0,0,1,0,0,20.19
2,2,0.0,0.0,1.0,0.0,0.0,0.0,0.0,0.0,0,1,-6.356329,-1.51276,1.209938,10.75224,-34.3331,46.83899,37.3,1.6735,71.01,13.18,0,0,0,1,0,14.11
2,2,0.0,0.0,1.0,0.0,0.0,0.0,0.0,0.0,2,1,-6.445326,0.007638,0.794582,12.42605,-30.95237,49.75872,37.3,0.3909,79.15,13.18,0,0,0,1,0,13.45
2,2,0.0,0.0,1.0,0.0,0.0,0.0,0.0,0.0,6,1,-6.267196,0.173568,0.818868,10.65589,-33.96118,47.09675,37.3,1.9513,89.4,13.18,0,0,0,1,0,11.8
2,2,0.0,0.0,1.0,0.0,0.0,0.0,0.0,0.0,11,1,-6.23452,0.218299,2.854859,8.37899,-35.03858,46.36071,37.3,3.9018,82.74,13.18,0,0,0,1,0,10.32
2,1,0.0,0.0,1.0,0.0,0.0,0.0,0.0,0.0,0,1,-7.261424,-2.045861,1.894267,11.03408,-34.44694,52.84255,50.19,0.7798,66.37,14.65,0,0,0,1,0,18.9
1,1,0.0,0.0,1.0,0.0,0.0,0.0,0.0,0.0,0,1,-7.126442,-1.721957,1.392593,8.94094,-32.05022,49.53526,37.3,2.0382,53.12,20.3,0,0,0,1,0,21.35
2,1,0.0,0.0,1.0,0.0,0.0,0.0,0.0,0.0,0,1,-6.457486,-1.169664,2.38218,11.67811,-36.5637,44.2885,46.53,1.3934,88.35,20.3,0,0,0,1,0,20.73
2,2,0.0,0.0,1.0,0.0,0.0,0.0,0.0,0.0,2,1,-6.512111,0.220541,1.436695,13.71383,-34.7477,46.16131,63.32,-0.5802,71.82,20.3,0,0,0,1,0,19.43
4,1,0.0,0.0,0.0,0.0,0.0,1.0,0.0,0.0,3,1,-6.238968,1.260305,1.793316,8.5172,-40.26079,21.84979,53.71,0.2133,65.31,9.9,0,0,0,1,0,12.7
4,0,0.0,0.0,0.0,0.0,0.0,0.0,1.0,0.0,0,0,-5.304664,-1.681424,5.233214,9.4141,-39.37277,24.93335,29.02,7.9936,186.65,12.53,0,1,0,0,0,16.25
10,0,0.0,0.0,0.0,0.0,0.0,0.0,1.0,0.0,0,0,-4.982626,-2.676409,2.01658,8.10936,-26.72187,21.35134,80.58,11.337,219.17,12.53,0,1,0,0,0,17.0
2,0,0.0,0.0,0.0,0.0,0.0,0.0,1.0,0.0,0,1,-6.736539,-1.439881,2.9707,11.34624,-56.23834,19.00125,25.78,2.1436,87.64,15.86,0,1,0,0,0,16.53
3,0,0.0,0.0,0.0,0.0,0.0,1.0,0.0,0.0,2,1,-7.696207,1.011394,3.90802,9.67424,-22.2132,16.72434,27.69,1.8169,123.47,17.98,0,1,0,0,0,19.58
4,1,0.0,0.0,0.0,0.0,0.0,1.0,0.0,0.0,3,1,-6.235686,1.247911,1.665693,6.86841,-40.22922,21.77645,53.71,1.3836,56.75,18.71,0,1,0,0,0,20.21
2,2,0.0,0.0,0.0,0.0,0.0,0.0,0.0,1.0,2,1,-6.37521,0.129938,0.0039,10.08365,-19.01036,22.24629,0.0,0.846,68.42,16.51,0,0,0,0,1,19.65
2,2,0.0,0.0,1.0,0.0,0.0,0.0,0.0,0.0,2,1,-6.512111,0.220541,1.436695,13.71383,-34.7477,46.16131,63.32,-0.5802,71.82,11.96,0,0,0,0,1,15.67
2,2,0.0,0.0,1.0,0.0,0.0,0.0,0.0,0.0,2,1,-6.512111,0.220541,1.436695,13.71383,-34.7477,46.16131,63.32,-0.5802,71.82,9.7,0,0,0,0,1,11.6
2,2,0.0,0.0,1.0,0.0,0.0,0.0,0.0,0.0,0,1,-5.891418,-0.902184,4.129124,14.50899,-39.65044,41.1939,63.32,0.967,97.09,9.63,0,0,0,1,0,10.58
4,0,0.0,0.0,0.0,0.0,0.0,0.0,1.0,0.0,0,0,-7.312796,-5.47691,0.000224,16.62616,-27.73086,40.54127,95.16,2.07012,195.4,19.69,0,1,0,0,0,20.86
4,1,0.0,0.0,0.0,0.0,0.0,1.0,0.0,0.0,3,1,-6.235686,1.247911,1.665693,6.86841,-40.22922,21.77645,53.71,1.3836,56.75,18.3,0,0,0,1,0,20.32
1,1,0.0,0.0,1.0,0.0,0.0,0.0,0.0,0.0,0,1,-7.126442,-1.721957,1.392593,8.94094,-32.05022,49.53526,37.3,2.0382,53.12,17.46,0,0,0,1,0,18.43
1,1,0.0,0.0,1.0,0.0,0.0,0.0,0.0,0.0,0,1,-7.29672,-1.506979,1.839161,10.41554,-34.27143,47.16117,37.3,1.3848,59.22,17.46,0,0,0,1,0,17.9
2,2,0.0,0.0,1.0,0.0,0.0,0.0,0.0,0.0,0,1,-5.891418,-0.902184,4.129124,14.50899,-39.65044,41.1939,63.32,0.967,97.09,17.46,0,0,0,1,0,16.22
3,1,0.0,0.0,1.0,0.0,0.0,0.0,0.0,0.0,0,1,-8.044581,-3.018519,3.681858,13.57203,-29.69536,55.56308,80.44,1.293,103.37,17.46,0,0,0,1,0,14.62
1,2,1.0,0.0,0.0,0.0,0.0,0.0,0.0,0.0,1,1,-6.591401,-0.750235,0.76251,12.98488,-40.55857,51.63882,57.53,2.1268,116.05,11.2,0,1,0,0,0,12.7
2,2,1.0,0.0,0.0,0.0,0.0,0.0,0.0,0.0,0,1,-6.494416,-0.746027,3.719136,14.06089,-45.87441,49.0242,66.76,0.4982,116.54,17.02,0,1,0,0,0,12.08
1,2,1.0,0.0,0.0,0.0,0.0,0.0,0.0,0.0,0,1,-7.324153,-1.0694,2.101104,13.29871,-43.72806,51.04584,57.53,0.4896,88.78,17.02,0,1,0,0,0,15.35
2,2,1.0,0.0,0.0,0.0,0.0,0.0,0.0,0.0,0,1,-7.756025,-2.208901,4.031949,15.19361,-37.54742,57.83996,81.32,0.36128,116.42,17.02,0,1,0,0,0,18.45
2,3,1.0,0.0,0.0,0.0,0.0,0.0,0.0,0.0,1,1,-6.562492,0.609072,1.90102,16.93497,-42.38545,52.30655,83.55,-0.9197,85.95,22.72,0,0,1,0,0,23.99
2,2,0.0,0.0,1.0,0.0,0.0,0.0,0.0,0.0,1,1,-6.796841,0.119092,1.238987,14.73779,-35.22801,48.8338,63.32,-0.9703,70.92,22.72,0,0,1,0,0,23.56
4,1,0.0,0.0,0.0,0.0,0.0,1.0,0.0,0.0,3,1,-6.143101,0.835353,2.580468,8.91314,-26.92065,17.17041,27.69,1.1844,85.64,14.36,0,0,0,1,0,16.5
5,0,0.0,0.0,0.0,0.0,1.0,0.0,0.0,0.0,0,0,-8.126163,-0.406745,2.842595,11.46708,-36.8908,25.36598,61.83,2.5103,133.96,21.94,0,0,1,0,0,24.26
1,1,0.0,0.0,0.0,0.0,1.0,0.0,0.0,0.0,1,1,-8.170442,0.791538,3.266375,15.86839,-28.58316,53.59922,20.23,0.541,78.72,21.94,0,0,1,0,0,22.99
2,0,0.0,0.0,0.0,0.0,1.0,0.0,0.0,0.0,0,0,-7.493682,0.273123,1.775334,11.50882,-36.59872,15.83471,26.3,0.1793,56.26,21.94,0,0,1,0,0,23.55
1,3,1.0,0.0,0.0,0.0,0.0,0.0,0.0,0.0,0,1,-8.101561,0.344698,3.1104,21.41101,-43.96167,57.23893,77.76,-0.9286,72.8,21.94,0,0,1,0,0,22.9
8,0,0.0,0.0,0.0,0.0,1.0,0.0,0.0,0.0,0,0,-4.706651,-1.273565,0.0,7.64798,-24.32436,20.50514,53.26,15.5638,255.7,22.2,0,1,0,0,0,24.0
2,1,0.0,0.0,0.0,0.0,0.0,0.0,1.0,0.0,2,0,-6.097532,-0.296762,1.343546,9.79352,-32.09147,27.20126,26.02,1.2068,64.37,17.6,0,1,0,0,0,20.4
2,2,1.0,0.0,0.0,0.0,0.0,0.0,0.0,0.0,4,1,-5.378899,-0.906493,1.684463,10.50495,-41.07302,50.48756,62.46,4.36924,164.24,22.2,0,1,0,0,0,22.6
2,2,0.0,0.0,0.0,0.0,1.0,0.0,1.0,0.0,0,0,-6.31522,0.96297,2.246176,9.17935,-38.38046,37.84767,46.25,1.0288,56.18,19.62,0,1,0,0,0,22.21
4,3,0.0,1.0,0.0,0.0,0.0,0.0,0.0,0.0,2,1,-6.473761,0.357154,4.633114,18.40192,-35.84817,53.46291,109.49,-2.0509,153.3,20.21,0,0,1,0,0,22.65
4,1,0.0,0.0,0.0,0.0,1.0,0.0,0.0,0.0,0,0,-6.230089,-2.757983,1.510021,11.44582,-34.47647,25.98267,81.47,1.5618,127.55,20.2,0,0,1,0,0,22.63
4,0,0.0,0.0,0.0,0.0,1.0,0.0,0.0,0.0,0,0,-7.937877,-2.911409,4.572889,12.15631,-30.81833,20.82768,69.44,1.7715,134.51,20.42,0,0,1,0,0,23.16
3,2,0.0,1.0,0.0,0.0,0.0,0.0,0.0,0.0,0,1,-6.273183,-0.859333,6.132441,17.40029,-38.42176,47.36552,80.39,0.5155,114.12,18.02,0,0,1,0,0,20.32
2,1,0.0,0.0,1.0,0.0,0.0,0.0,0.0,0.0,0,0,-6.984313,-1.356977,1.606405,10.63053,-34.41696,47.3162,37.3,1.4463,57.12,17.54,0,0,1,0,0,19.59
2,1,0.0,0.0,1.0,0.0,0.0,0.0,0.0,0.0,1,0,-6.554043,-0.549536,1.227091,10.79467,-32.23684,47.9689,37.3,1.3752,77.02,17.54,0,0,1,0,0,20.61
2,1,0.0,0.0,1.0,0.0,0.0,0.0,0.0,0.0,2,0,-6.545251,-0.514071,1.259921,10.53704,-34.40626,47.72762,37.3,1.7653,80.71,17.54,0,0,1,0,0,18.67
1,1,0.0,0.0,1.0,0.0,0.0,0.0,0.0,0.0,0,1,-6.825546,-1.795642,1.385529,8.9371,-31.69972,49.95862,37.3,1.9894,57.75,19.5,0,1,0,0,0,20.7
1,1,0.0,0.0,1.0,0.0,0.0,0.0,0.0,0.0,0,1,-7.320429,-2.148348,1.400326,10.37463,-31.35743,54.30249,37.3,2.5458,80.38,19.5,0,1,0,0,0,22.02
1,2,0.0,0.0,0.0,0.0,1.0,0.0,1.0,0.0,0,0,-6.855656,1.040954,3.7649,21.6803,-45.94638,40.02697,69.11,-0.9762,70.89,20.17,0,0,1,0,0,21.2
2,1,0.0,0.0,0.0,0.0,1.0,0.0,0.0,0.0,0,1,-7.275316,-0.723376,1.8282,18.19151,-33.14113,40.82574,46.17,-0.577,105.08,22.59,0,0,1,0,0,23.99
4,0,0.0,0.0,0.0,0.0,0.0,0.0,1.0,0.0,0,0,-7.489923,-4.976361,0.0,16.74081,-25.85226,34.38375,95.16,0.08232,181.2,18.83,0,1,0,0,0,15.79
4,0,0.0,0.0,0.0,0.0,0.0,0.0,1.0,0.0,0,0,-7.661107,-5.197319,0.0,16.53239,-26.93475,34.68376,95.16,0.36052,171.46,18.83,0,1,0,0,0,20.16
4,0,0.0,0.0,0.0,0.0,0.0,0.0,1.0,0.0,0,0,-7.787731,-5.420561,0.0,16.26931,-25.3451,43.80484,95.16,0.63872,160.2,18.83,0,1,0,0,0,21.07
6,0,0.0,0.0,0.0,0.0,0.0,0.0,1.0,0.0,0,0,-8.183037,-5.823766,0.0,17.97737,-24.53822,49.25561,142.74,0.10388,188.95,18.83,0,1,0,0,0,22.13
3,1,0.0,0.0,1.0,0.0,0.0,0.0,0.0,0.0,0,1,-5.185823,-1.517599,2.353364,7.29921,-35.26154,46.14205,43.78,11.6584,143.78,19.38,0,1,0,0,0,22.25
1,2,1.0,0.0,0.0,0.0,0.0,0.0,0.0,0.0,1,1,-6.743791,-0.420226,1.268934,13.34644,-42.57693,49.34049,57.53,1.3643,100.72,15.63,0,1,0,0,0,17.8
4,2,0.0,0.0,0.0,0.0,0.0,0.0,1.0,0.0,0,0,-6.031738,-0.606704,2.367453,15.19849,-35.18947,47.32333,80.48,-0.0649,89.78,16.76,0,1,0,0,0,18.96
4,2,0.0,0.0,0.0,0.0,0.0,1.0,0.0,0.0,3,0,-6.61558,1.124162,3.086039,11.22945,-44.87121,39.55943,82.81,-0.0771,100.3,16.44,0,0,1,0,0,18.41
1,0,0.0,0.0,0.0,0.0,1.0,0.0,0.0,0.0,0,1,-7.265667,-1.374597,4.580704,10.6675,-45.59037,18.66194,17.07,3.1543,113.64,18.976,0,0,1,0,0,21.357
2,2,0.0,0.0,1.0,0.0,0.0,0.0,0.0,0.0,0,0,-7.092615,-2.619402,0.119218,10.14579,-28.14337,52.52475,74.6,2.3898,70.56,19.8,0,0,1,0,0,23.25
2,2,1.0,0.0,1.0,0.0,0.0,0.0,0.0,0.0,2,0,-7.072671,-0.900727,3.984503,13.42302,-50.17024,55.80617,74.6,1.057,128.31,16.33,0,0,1,0,0,17.78
6,6,0.0,0.0,1.0,0.0,0.0,0.0,0.0,0.0,1,0,-6.538676,-0.436099,3.268158,13.56377,-41.88259,56.54862,158.82,-2.2061,172.32,19.47,0,0,1,0,0,21.66
2,2,0.0,1.0,0.0,0.0,0.0,0.0,0.0,0.0,0,1,-8.324041,0.418538,3.438028,21.33645,-32.70327,56.28012,80.39,-1.2521,76.99,18.22,0,0,1,0,0,20.41
3,2,0.0,1.0,0.0,0.0,0.0,0.0,0.0,0.0,1,1,-7.862175,0.416342,6.024559,23.7172,-37.45001,46.51481,80.39,-1.2096,106.97,18.22,0,0,1,0,0,19.62
3,2,0.0,1.0,0.0,0.0,0.0,0.0,0.0,0.0,2,1,-6.965249,0.621689,4.217277,19.04274,-34.8212,54.5529,80.39,-1.1671,108.55,18.22,0,0,1,0,0,19.22
3,2,0.0,1.0,0.0,0.0,0.0,0.0,0.0,0.0,3,1,-6.732921,0.705254,2.499595,17.76312,-34.47921,54.28596,80.39,-0.777,130.18,18.22,0,0,1,0,0,18.84
1,1,0.0,0.0,0.0,0.0,0.0,0.0,1.0,0.0,4,1,-6.255163,1.438441,1.281546,7.10441,-40.0448,21.3925,26.02,0.7452,28.36,14.24,0,1,0,0,0,18.9
2,2,0.0,0.0,0.0,0.0,1.0,0.0,1.0,0.0,0,0,-6.439721,-2.760254,0.0,20.15963,-42.30942,42.36681,110.9,-0.404,96.87,20.82,0,0,0,1,0,22.52
12,12,1.0,0.0,0.0,0.0,0.0,0.0,0.0,0.0,0,0,-8.067382,-0.331129,1.50051,16.92165,-41.60797,67.77043,400.56,-3.1326,268.18,19.66,0,0,1,0,0,21.82
5,1,0.0,0.0,1.0,0.0,1.0,0.0,0.0,0.0,0,1,-8.815629,-3.130682,4.209032,14.82922,-22.58323,63.41105,105.58,0.7012,155.83,22.28,0,0,1,0,0,24.26
2,0,0.0,0.0,0.0,0.0,0.0,0.0,1.0,0.0,0,1,-5.04283,1.164414,0.001676,7.9577,-33.91135,11.19322,6.48,-0.3824,21.09,20.5,0,0,1,0,0,23.6
2,2,0.0,0.0,0.0,0.0,1.0,0.0,1.0,0.0,6,1,-6.303698,1.313198,1.346415,10.43894,-39.06901,39.99254,46.25,0.4978,61.14,21.3,0,0,1,0,0,23.58
4,2,0.0,0.0,1.0,0.0,0.0,0.0,0.0,0.0,0,0,-6.474197,-2.686245,1.9192,10.02886,-49.34277,52.39683,100.38,3.8464,114.69,19.73,0,0,1,0,0,20.5
1,0,0.0,0.0,0.0,0.0,1.0,0.0,0.0,0.0,0,1,-6.370584,-0.33125,3.1398,9.56221,-38.53985,11.53632,17.07,2.0116,44.66,20.95,0,0,1,0,0,21.67
1,1,0.0,0.0,1.0,0.0,0.0,0.0,0.0,0.0,0,1,-7.308692,0.234449,1.666657,7.50487,-35.90573,45.81512,37.3,2.2874,33.32,20.95,0,0,1,0,0,22.01
1,1,0.0,0.0,1.0,0.0,0.0,0.0,0.0,0.0,1,1,-7.368053,0.084665,1.503902,7.29029,-35.52558,45.63442,37.3,2.6775,37.15,20.95,0,0,1,0,0,22.83
2,3,0.0,1.0,0.0,0.0,0.0,0.0,0.0,0.0,0,0,-6.80861,-0.780968,1.49611,18.78751,-36.55656,51.3989,87.17,-0.89843,86.38,22.1,0,0,1,0,0,24.1
2,3,0.0,0.0,1.0,0.0,0.0,0.0,0.0,0.0,1,0,-5.993707,-0.090177,4.015145,16.89833,-45.5247,50.27925,90.41,-1.10373,119.91,20.0,0,0,1,0,0,20.8
3,3,0.0,0.0,1.0,0.0,0.0,0.0,0.0,0.0,1,0,-6.470152,-0.239265,3.046005,15.66967,-39.0273,52.19933,100.62,-1.127,103.07,20.02,0,0,1,0,0,22.63
2,2,1.0,0.0,0.0,0.0,0.0,0.0,0.0,0.0,4,1,-5.596679,-0.984315,1.994787,11.73293,-40.67787,50.91942,62.46,3.7524,173.62,18.87,0,1,0,0,0,19.5
2,2,1.0,0.0,0.0,0.0,0.0,0.0,0.0,0.0,4,1,-5.336094,-1.465168,2.757104,11.50925,-39.91065,51.69599,62.46,6.0588,222.72,18.87,0,1,0,0,0,20.19
3,3,0.0,0.0,1.0,0.0,0.0,0.0,0.0,0.0,1,0,-6.08046,-0.397062,2.504814,12.20302,-34.17815,51.65284,83.55,0.3466,100.38,20.21,0,0,1,0,0,22.17
1,1,0.0,0.0,1.0,0.0,0.0,0.0,0.0,0.0,1,1,-7.612527,0.186782,1.616893,14.28336,-35.23395,46.57719,37.3,0.0909,56.08,18.84,0,0,1,0,0,20.56
2,2,0.0,0.0,1.0,0.0,0.0,0.0,0.0,0.0,1,0,-6.64692,-0.652913,2.279892,10.7669,-31.95421,50.42976,63.32,0.7801,97.06,19.51,0,0,1,0,0,21.91
2,2,0.0,0.0,1.0,0.0,0.0,0.0,0.0,0.0,1,0,-6.611366,-0.360252,2.238454,10.36228,-33.45076,49.0119,63.32,0.641,84.03,19.51,0,0,1,0,0,21.16
2,2,0.0,0.0,1.0,0.0,0.0,0.0,0.0,0.0,1,0,-6.628331,0.057214,2.349416,13.35611,-34.75977,47.80752,63.32,-0.5818,69.17,19.51,0,0,1,0,0,20.6
3,3,0.0,0.0,1.0,0.0,0.0,0.0,0.0,0.0,1,0,-6.524858,-0.18068,2.432912,12.71824,-31.03815,51.29339,63.32,-0.6719,82.92,17.85,0,0,1,0,0,20.19
5,2,0.0,1.0,0.0,0.0,0.0,0.0,0.0,0.0,2,1,-6.131477,0.647078,4.361105,13.55154,-34.85902,53.72085,81.08,-1.5159,156.36,18.43,0,0,1,0,0,20.22
5,2,0.0,1.0,0.0,0.0,0.0,0.0,0.0,0.0,0,0,-6.873256,-2.39629,3.281779,13.73656,-37.06058,45.59662,100.9,1.8785,168.93,21.75,0,0,1,0,0,23.42
1,1,0.0,0.0,0.0,0.0,0.0,0.0,0.0,1.0,0,1,-6.029021,-0.733999,1.181012,9.19824,-15.5758,28.52779,0.0,2.1144,62.91,21.29,0,0,1,0,0,23.09
3,1,0.0,0.0,1.0,0.0,0.0,0.0,0.0,0.0,10,1,-7.460739,-2.777502,2.25814,10.4531,-35.84653,46.07665,74.68,2.5069,117.55,18.88,0,0,1,0,0,20.94
0,1,0.0,0.0,0.0,0.0,0.0,0.0,1.0,0.0,0,0,-5.649514,-0.386105,2.263912,10.93566,-21.34253,44.39048,15.79,2.1679,72.78,20.58,0,0,1,0,0,21.76
0,1,0.0,0.0,0.0,0.0,0.0,0.0,1.0,0.0,0,0,-5.892001,-0.696895,4.007522,11.92065,-17.5834,48.01478,15.79,2.8213,98.42,20.58,0,0,1,0,0,22.47
4,4,0.0,0.0,1.0,0.0,0.0,0.0,0.0,0.0,2,0,-7.733736,-0.29774,2.844996,16.93823,-36.50146,49.66623,132.13,-1.2485,133.31,21.1,0,0,1,0,0,23.1
3,3,0.0,0.0,1.0,0.0,0.0,0.0,0.0,0.0,2,0,-5.732439,-0.195954,1.198115,12.62014,-32.91709,56.0488,77.76,1.115,106.38,19.21,0,0,1,0,0,20.51
4,4,0.0,0.0,1.0,0.0,0.0,0.0,0.0,0.0,1,0,-5.691817,-0.141187,2.138637,14.33117,-40.14988,49.95223,103.78,0.0522,123.91,19.21,0,0,1,0,0,21.46
3,1,0.0,0.0,0.0,0.0,0.0,0.0,1.0,0.0,0,0,-5.199594,-1.14978,2.782927,10.47704,-20.65609,37.63544,26.02,4.8514,134.85,19.91,0,0,1,0,0,21.53
4,0,0.0,0.0,0.0,0.0,0.0,0.0,1.0,0.0,0,1,-5.989212,1.216593,0.0049,9.23527,-29.31415,13.71016,12.96,-1.0198,62.72,20.7,0,0,1,0,0,22.37
2,2,0.0,0.0,0.0,1.0,0.0,0.0,0.0,0.0,0,1,-6.72655,-1.088617,4.265369,12.42975,-18.26319,62.06059,40.46,-0.3554,74.04,20.38,0,0,1,0,0,22.36
3,3,0.0,0.0,0.0,1.0,0.0,0.0,0.0,0.0,0,1,-8.612776,1.092851,0.000762,15.21833,-24.53259,42.00198,60.69,-2.0518,54.33,18.71,0,1,0,0,0,21.4
4,0,0.0,0.0,0.0,1.0,0.0,0.0,0.0,0.0,0,1,-6.510195,-1.487381,0.0001,8.49428,-24.59077,16.41784,36.92,1.984,97.65,20.71,0,0,1,0,0,22.04
3,3,1.0,0.0,0.0,0.0,0.0,0.0,0.0,0.0,2,1,-6.69722,0.642409,2.396724,16.57434,-45.08162,54.17392,92.78,-0.9456,99.1,15.61,0,0,1,0,0,18.48
3,2,0.0,0.0,0.0,0.0,1.0,0.0,0.0,0.0,0,0,-5.671837,-0.089848,2.066485,8.31109,-39.23055,38.82457,58.56,3.7896,111.77,20.34,0,0,1,0,0,22.24
4,3,0.0,1.0,0.0,0.0,0.0,0.0,0.0,0.0,3,0,-6.541418,0.035274,5.012355,17.12796,-36.9189,56.52112,104.24,-0.10903,145.97,20.49,0,0,1,0,0,22.52
1,0,0.0,0.0,0.0,0.0,1.0,0.0,0.0,0.0,0,1,-7.026015,-1.134394,3.850693,10.64378,-50.11809,26.7244,17.07,2.6303,106.0,18.94,0,0,1,0,0,20.1
1,0,0.0,0.0,0.0,0.0,1.0,0.0,0.0,0.0,0,1,-7.167873,-1.218544,4.074545,10.6515,-49.03643,22.45423,17.07,2.1971,96.47,18.94,0,0,1,0,0,22.14
2,1,0.0,0.0,1.0,0.0,0.0,0.0,0.0,0.0,0,0,-6.73618,-1.609666,1.049336,9.36161,-32.65351,48.17398,37.3,2.2088,55.92,19.12,0,0,1,0,0,21.12
2,1,0.0,0.0,1.0,0.0,0.0,0.0,0.0,0.0,0,0,-7.556743,-1.84498,3.304745,13.62646,-48.30219,49.43371,50.19,0.9189,73.5,20.55,0,0,1,0,0,22.82
1,1,0.0,0.0,1.0,0.0,0.0,0.0,0.0,0.0,0,1,-7.083299,-2.043833,1.447382,7.69213,-29.29715,53.09679,37.3,2.9098,48.69,19.19,0,0,1,0,0,22.27
1,2,0.0,0.0,0.0,0.0,0.0,0.0,1.0,1.0,0,0,-5.381006,0.113695,4.8842,22.47306,-31.29651,48.24131,52.04,-0.8113,87.45,22.4,0,0,1,0,0,24.42
4,1,0.0,0.0,1.0,0.0,0.0,0.0,0.0,0.0,1,1,-5.861045,-0.360451,2.318879,11.55605,-39.25663,47.54962,64.99,1.3395,126.47,20.0,0,0,1,0,0,21.5
4,1,0.0,0.0,1.0,0.0,0.0,0.0,0.0,0.0,2,1,-5.818325,-0.056039,2.592421,11.70835,-39.04305,47.53337,64.99,1.7296,147.28,20.0,0,0,1,0,0,22.2
1,1,0.0,0.0,0.0,0.0,0.0,0.0,1.0,1.0,1,0,-5.470502,-0.709982,4.346644,17.85282,-31.05829,45.70277,26.02,0.2924,82.2,13.06,0,0,1,0,0,15.15
3,1,0.0,0.0,1.0,0.0,0.0,0.0,0.0,0.0,0,0,-5.647784,-2.463045,5.823131,10.4423,-41.55592,46.9142,64.33,5.14798,164.4,19.97,0,1,0,0,0,20.94
2,2,0.0,0.0,1.0,0.0,0.0,0.0,0.0,0.0,1,0,-6.813648,-0.72616,2.374528,11.0475,-33.69439,55.90224,57.53,0.8046,81.11,14.9,0,1,0,0,0,18.42
3,3,0.0,0.0,1.0,0.0,0.0,0.0,0.0,0.0,1,0,-6.329531,-0.106596,2.600958,15.49144,-34.18615,49.87616,86.63,-1.2548,111.56,22.32,0,0,1,0,0,24.02
1,1,0.0,0.0,0.0,0.0,0.0,0.0,1.0,0.0,0,0,-6.085833,-0.89571,3.830323,9.82191,-18.26459,43.58585,26.02,2.8538,65.48,20.48,0,0,0,1,0,23.51
3,5,1.0,0.0,0.0,0.0,0.0,0.0,0.0,0.0,0,0,-7.558881,-0.008198,2.498324,15.68623,-31.90829,60.32609,135.29,-0.9922,115.69,23.07,0,0,1,0,0,24.17
1,1,0.0,0.0,0.0,0.0,0.0,0.0,1.0,0.0,0,0,-6.105289,-0.503643,3.56608,12.94225,-42.36027,48.30024,28.68,1.87132,90.38,19.5,0,0,1,0,0,21.6
3,2,0.0,0.0,0.0,1.0,0.0,0.0,0.0,0.0,0,0,-6.331816,-0.515593,2.868572,13.28442,-24.01528,57.4652,40.46,-0.5721,82.32,19.74,0,0,1,0,0,21.8
2,2,0.0,0.0,1.0,0.0,0.0,0.0,0.0,0.0,1,0,-7.847097,-0.200478,2.339515,17.29779,-33.47366,52.29552,74.6,-0.4543,90.96,21.59,0,0,1,0,0,22.61
3,2,0.0,0.0,0.0,0.0,1.0,0.0,0.0,0.0,0,0,-7.572878,-1.528623,0.22941,19.01857,-28.37263,43.82806,75.27,-1.2575,116.23,21.59,0,0,1,0,0,22.79
3,3,0.0,0.0,1.0,0.0,0.0,0.0,0.0,0.0,1,0,-6.316323,-0.009961,1.204001,12.2398,-30.91844,47.02851,63.32,0.1067,91.72,22.44,0,0,1,0,0,24.09
2,0,0.0,0.0,0.0,0.0,0.0,0.0,1.0,0.0,0,1,-6.659307,-2.042221,1.1789,7.55805,-54.47959,19.92288,25.78,4.0898,65.86,18.41,0,0,0,0,1,21.15
2,1,0.0,0.0,1.0,0.0,0.0,0.0,0.0,0.0,0,0,-6.982781,-1.852004,1.810607,10.59021,-33.83397,48.12646,37.3,2.0997,63.15,18.41,0,0,1,0,0,21.07
1,1,0.0,0.0,0.0,0.0,0.0,0.0,1.0,0.0,0,0,-6.038194,0.696568,3.612213,14.49719,-46.02409,46.92526,28.68,0.71812,69.15,17.48,0,0,0,1,0,19.45
1,0,0.0,0.0,0.0,0.0,0.0,0.0,1.0,0.0,0,1,-6.828826,-0.695577,2.7376,8.57184,-40.44926,17.11924,12.89,2.3791,50.71,16.14,0,0,0,1,0,17.58
1,1,0.0,0.0,0.0,0.0,1.0,0.0,0.0,0.0,1,1,-8.170444,0.791539,3.26627,15.86975,-28.58228,53.59812,20.23,0.541,78.66,19.17,0,0,1,0,0,20.92
4,2,0.0,0.0,1.0,0.0,0.0,0.0,0.0,0.0,1,0,-6.257537,-0.709311,6.856043,17.05189,-48.43535,51.91484,76.21,0.3524,98.57,17.01,0,0,0,0,1,19.74
1,2,1.0,0.0,0.0,0.0,0.0,0.0,0.0,0.0,18,1,-7.659305,0.814843,1.534971,6.10434,-44.12721,47.93701,57.53,6.4256,64.71,16.7,0,1,0,0,0,18.8
7,1,0.0,0.0,1.0,0.0,0.0,0.0,0.0,0.0,0,0,-4.929117,-2.608279,6.569852,8.95216,-36.67319,44.46366,84.78,8.2105,198.04,20.8,0,1,0,0,0,24.8
7,1,0.0,0.0,1.0,0.0,0.0,0.0,0.0,0.0,0,0,-5.053883,-2.835468,11.329007,9.35992,-45.28635,29.9312,84.78,8.3496,209.44,20.8,0,1,0,0,0,24.0
8,2,0.0,0.0,1.0,0.0,0.0,0.0,0.0,0.0,0,0,-4.909945,-2.563012,4.296115,9.41108,-35.98097,48.08111,122.08,7.9087,211.74,20.8,0,1,0,0,0,23.1
1,2,1.0,0.0,0.0,0.0,0.0,0.0,0.0,0.0,1,1,-7.796018,0.834155,1.23218,17.06377,-43.35901,48.64122,57.53,-0.2061,77.31,22.87,0,0,1,0,0,23.6
3,3,1.0,0.0,0.0,0.0,0.0,0.0,0.0,0.0,2,1,-6.69722,0.642409,2.396724,16.57434,-45.08162,54.17392,92.78,-0.9456,99.1,22.87,0,0,1,0,0,24.35
4,1,0.0,0.0,0.0,0.0,1.0,0.0,1.0,0.0,0,0,-5.993008,-2.287202,1.521291,5.50497,-19.15591,19.01521,50.94,4.38542,47.37,18.36,0,0,1,0,0,20.34
2,2,0.0,0.0,1.0,0.0,0.0,0.0,0.0,0.0,0,0,-7.315505,-0.832321,1.44158,15.44211,-34.4013,51.09233,65.98,0.1079,75.45,21.28,0,1,0,0,0,23.77
4,4,0.0,0.0,0.0,0.0,1.0,0.0,1.0,0.0,0,0,-6.689734,-0.01164,3.529084,19.10913,-57.33473,43.50895,110.24,-2.6437,124.3,20.63,0,0,1,0,0,22.11
3,2,0.0,0.0,1.0,0.0,0.0,0.0,0.0,0.0,0,0,-7.296008,-2.189065,4.1169,15.4137,-38.65546,52.01195,87.74,0.676,92.72,21.54,0,0,1,0,0,24.53
4,1,0.0,0.0,0.0,0.0,0.0,1.0,0.0,0.0,3,1,-6.143101,0.835353,2.580468,8.91314,-26.92065,17.17041,27.69,1.1844,85.64,18.3,0,1,0,0,0,21.0
3,0,0.0,0.0,0.0,0.0,0.0,0.0,0.0,1.0,0,1,-5.392088,-0.877305,3.3897,11.13766,-26.15425,20.35379,9.86,2.24629,110.91,22.08,0,1,0,0,0,25.05
3,0,0.0,0.0,0.0,0.0,1.0,0.0,0.0,0.0,0,1,-5.684481,-0.344157,1.9693,10.32112,-40.39691,17.58813,26.93,0.877,90.28,22.08,0,1,0,0,0,23.68
2,0,0.0,0.0,0.0,0.0,1.0,0.0,0.0,0.0,0,0,-6.370531,-1.526672,1.677111,9.13488,-35.93596,22.65666,23.06,1.7553,69.73,22.87,0,0,1,0,0,25.07
2,2,0.0,0.0,1.0,0.0,0.0,0.0,0.0,0.0,0,1,-6.128068,0.216,2.156158,10.70155,-36.06541,45.87851,49.33,0.0706,56.49,22.04,0,0,1,0,0,23.81
2,1,0.0,0.0,1.0,0.0,0.0,0.0,0.0,0.0,0,1,-7.043587,0.057071,1.970774,11.49656,-33.45225,48.36193,46.53,0.4976,73.31,22.04,0,0,1,0,0,25.52
2,1,0.0,0.0,1.0,0.0,0.0,0.0,0.0,0.0,0,1,-6.012939,0.017724,2.093483,11.37109,-33.01542,48.80109,37.3,1.2142,84.35,22.04,0,0,1,0,0,26.18
2,3,1.0,0.0,0.0,0.0,0.0,0.0,0.0,0.0,2,1,-6.587525,0.789655,2.335789,16.0702,-44.21184,49.48207,83.55,-0.8772,90.85,24.54,0,0,1,0,0,26.4
2,2,0.0,0.0,1.0,0.0,0.0,0.0,0.0,0.0,0,1,-6.536395,-1.447588,3.709788,13.82579,-39.79044,46.2323,63.3199999999999,1.5234,91.11,16.89,0,1,0,0,0,20.51
6,2,0.0,0.0,0.0,0.0,1.0,0.0,0.0,0.0,0,0,-6.46865,-0.989011,3.784153,14.53001,-38.16068,61.43088,85.22,0.3909,137.91,22.14,0,0,1,0,0,24.04
6,2,0.0,0.0,0.0,0.0,1.0,0.0,1.0,0.0,0,0,-5.681105,-2.166039,0.0,16.83647,-38.86576,45.04868,120.32,2.4774,208.59,22.19,0,1,0,0,0,25.0
3,2,0.0,0.0,1.0,0.0,0.0,0.0,0.0,0.0,0,0,-6.049537,0.055533,1.982952,12.84826,-35.46341,48.65234,63.32,0.1514,111.67,22.7,0,0,1,0,0,25.39
2,4,0.0,0.0,1.0,0.0,0.0,0.0,0.0,0.0,3,0,-6.15776,0.171677,3.882464,14.98425,-44.08546,46.41717,99.2,-0.66573,106.97,18.85,0,0,1,0,0,20.78
1,1,1.0,0.0,0.0,0.0,0.0,0.0,0.0,0.0,0,1,-7.354783,-1.132888,2.819429,12.92322,-45.3083,51.22075,37.3,0.7789,85.78,19.82,0,0,1,0,0,22.81
2,1,0.0,0.0,1.0,0.0,0.0,0.0,0.0,0.0,0,0,-7.408861,-2.011885,5.564804,15.63813,-42.79352,27.17772,50.19,0.7798,92.33,16.31,0,1,0,0,0,16.34
2,1,0.0,0.0,1.0,0.0,0.0,0.0,0.0,0.0,0,0,-7.211509,-1.85143,3.239027,11.83145,-35.33925,51.00018,50.19,0.7798,71.18,16.31,0,1,0,0,0,18.13
2,1,0.0,0.0,1.0,0.0,0.0,0.0,0.0,0.0,0,1,-7.261424,-2.045861,1.894267,11.03408,-34.44694,52.84255,50.19,0.7798,66.37,16.31,0,1,0,0,0,17.66
2,2,1.0,0.0,0.0,0.0,0.0,0.0,0.0,0.0,4,1,-5.467076,-0.801045,2.842542,10.8587,-39.55699,52.30167,60.77,5.9469,187.26,19.93,0,1,0,0,0,23.07
