SMILES,NumHAcceptors,NumHDonors,anchor_end_PA,anchor_end_SA,anchor_end_CA,anchor_end_BA,anchor_end_O,anchor_end_SiO,anchor_end_N,anchor_end_S,alkyl_num,frag_sym,HOMO_calc,LUMO_calc,dipole,MPI,surface_min,surface_max,TPSA,MolLogP,PSA,control_PCE,MetalOxide_ITO,MetalOxide_NiOx,MetalOxide_SnO2,MetalOxide_TiO2,MetalOxide_ZnO
O=P(O)(O)CCN1c2ccccc2Sc2ccccc21,3,2,1,0,0,0,0,0,0,0,2,1,-5.121563,-0.758256,1.843519,11.3092,-39.83471,55.38445,60.77,3.467,137.56,23.06,0,0,1,0,0
O=P(O)(O)CCN1c2ccccc2S(=O)(=O)c2ccccc21,4,2,1,0,0,0,0,0,0,0,2,1,-6.139971,-1.410486,5.642262,15.19583,-42.66831,59.34802,94.91,2.1486,178.98,23.06,0,0,1,0,0
O=C1c2cccc3cccc(c23)C(=O)N1CCP(=O)(O)O,3,2,1,0,0,0,0,0,0,0,2,1,-7.020109,-3.017399,8.312014,14.63579,-52.42449,44.98046,94.91,1.6135,166.32,23.06,0,0,1,0,0
O=P(O)(O)c1ccc(N2c3ccccc3S(=O)(=O)c3ccccc32)cc1,4,2,1,0,0,0,0,0,0,0,0,1,-6.141586,-1.714242,5.024287,13.55318,-41.76131,57.16025,94.91,3.1056,174.85,23.06,0,0,1,0,0
O=P(O)(O)CCn1c2ccc(Cl)cc2c2cc(Cl)ccc21,2,2,1,0,0,0,0,0,0,0,2,1,-5.822106,-1.474148,4.247914,11.55313,-35.81947,56.90747,62.46,4.279,156.06,22,0,1,0,0,0
O=P(O)(O)CCn1c2ccc(Br)cc2c2cc(Br)ccc21,2,2,1,0,0,0,0,0,0,0,2,1,-5.85754,-1.509962,4.351612,11.44679,-35.56234,57.0338,62.46,4.4972,159.28,22,0,1,0,0,0
O=P(O)(O)CCn1c2ccc(I)cc2c2cc(I)ccc21,2,2,1,0,0,0,0,0,0,0,2,1,-5.838276,-1.515582,4.253909,11.24118,-35.51395,57.10577,62.46,4.1814,160.31,22,0,1,0,0,0
O=P(O)(O)c1ccc(-c2c3ccccc3cc3ccccc23)cc1,1,2,1,0,0,0,0,0,0,0,0,1,-5.530174,-2.042837,2.100673,9.98103,-43.50415,51.48414,57.53,4.463,120.47,22,0,1,0,0,0
O=P(O)(O)CCCCN1C2=CC=C(C#N)C=C2C3=C1C=CC(C#N)=C3,4,2,1,0,0,0,0,0,0,0,4,1,-6.508894,-1.948625,8.753939,16.77446,-39.81712,55.75608,110.04,3.49576,255.56,22,0,1,0,0,0
