outer_fold,trial,cv_rmse,best_so_far,state,n_estimators,max_depth,learning_rate,subsample,colsample_bytree,min_child_weight,gamma,reg_alpha,reg_lambda,trial_global
0,1,1.3392453451797695,1.3392453451797695,COMPLETE,350,8,0.0483437145318464,0.7993292420985183,0.5780093202212182,2,0.0001707396743152812,2.1423021757741068,0.10129197956845731,1
0,2,1.3624710775527353,1.3392453451797695,COMPLETE,600,2,0.17052641538983093,0.9162213204002109,0.6061695553391381,2,0.0005415244119402539,0.0033205591037519565,0.042051564509138675,2
0,3,1.3444672311127532,1.3392453451797695,COMPLETE,400,4,0.025579488960947364,0.569746930326021,0.6460723242676091,4,0.006672367170464205,0.8431013932082461,0.0009962513222055108,3
0,4,1.2991932954002854,1.2991932954002854,COMPLETE,450,6,0.0012790390175145834,0.8037724259507192,0.5852620618436457,1,0.6245139574743068,6.732248920775331,1.1015056790269626,4
0,5,1.2934674828448434,1.2934674828448434,COMPLETE,300,2,0.037535371452331254,0.7200762468698007,0.5610191174223894,5,0.00013726318898045882,3.5204810455260365,0.0019674328025306126,5
0,6,1.3051979480231402,1.2934674828448434,COMPLETE,550,4,0.015728674194978587,0.7733551396716398,0.5924272277627636,10,0.12604664585649453,4.9830438374949075,2.9794544625913595,6
0,7,1.283525638901748,1.283525638901748,COMPLETE,500,8,0.0015981734133214873,0.5979914312095727,0.522613644455269,4,0.0035868164986275516,0.002273762810253686,1.3921548533046495,7
0,8,1.281705117381724,1.281705117381724,COMPLETE,350,3,0.017732091590842103,0.5704621124873813,0.9010984903770198,1,0.8862326508576243,0.7264803074826727,0.0009853225172032562,8
0,9,1.3422534469200658,1.281705117381724,COMPLETE,100,7,0.04231554618260076,0.8645035840204937,0.8856351733429728,1,0.00271558195528294,0.00037961668958008145,2.0678409397839492,9
0,10,1.2878252161943848,1.281705117381724,COMPLETE,550,4,0.0014003921591980472,0.6554911608578311,0.6625916610133735,8,0.035500125258511595,2.7293781650374753,0.022965432344634346,10
0,11,1.291214717487897,1.281705117381724,COMPLETE,800,3,0.0053433097862644425,0.5089809378074099,0.9905354130446519,7,0.7801013744480615,0.1319525039475701,0.00015812408680011017,11
0,12,1.279552847543251,1.279552847543251,COMPLETE,200,6,0.005298388192862464,0.6171221098127955,0.7812653513330632,4,0.001875620628228736,0.01366348637836152,0.2716910523037387,12
0,13,1.275007032967141,1.275007032967141,COMPLETE,200,6,0.005164667053019258,0.6625712669661852,0.8045369317168722,3,0.032401997265097605,0.06501784259059794,0.18641339366347937,13
0,14,1.2807951526848842,1.275007032967141,COMPLETE,150,6,0.005335935705745315,0.7039294159774774,0.7515110173318679,4,0.03229586969242104,0.030579259754990637,0.19958285087291092,14
0,15,1.2973685226281106,1.275007032967141,COMPLETE,200,6,0.007179158144031732,0.9980084946806067,0.7730989034241691,6,0.023157293736047333,0.026253816032828906,0.3346843561591912,15
0,16,1.2943081242623702,1.275007032967141,COMPLETE,250,5,0.0029248811304537227,0.6360331695689712,0.8261397373460099,3,0.0013058522720780375,0.11124993887951819,7.697192144784911,16
0,17,1.2813257933729474,1.275007032967141,COMPLETE,100,7,0.009890725442641928,0.5050187155115444,0.7084008896673943,6,0.15673988951745352,0.005102117718947747,0.006193717941683602,17
0,18,1.2800583483114185,1.275007032967141,COMPLETE,200,5,0.0029136402161905445,0.660037886529835,0.8132394567758081,3,0.0007787624170325371,0.0001518882107614074,0.44930082640484753,18
0,19,1.2931052407852817,1.275007032967141,COMPLETE,750,7,0.0029527828006473333,0.7163728055902457,0.8807259363131352,5,0.011358031264318455,0.16286468475990898,0.02650161534510051,19
0,20,1.4266598194814886,1.275007032967141,COMPLETE,250,6,0.10562280883941655,0.6127092107072387,0.9711069055148593,9,0.11846852257249098,0.012324531280088652,0.08941852511595266,20
0,21,1.322386285597324,1.275007032967141,COMPLETE,650,5,0.011318229523203105,0.6811095960924757,0.7020843771180812,3,0.010647574678260415,0.44154546403869843,0.010344801622202615,21
0,22,1.2796694363056018,1.275007032967141,COMPLETE,200,5,0.002957005285431122,0.6545773171780316,0.8034154249091551,3,0.0006378557554393444,0.0001221214683643462,0.42545905380835586,22
0,23,1.2731033194402128,1.2731033194402128,COMPLETE,200,5,0.0044122669100001,0.555683110203345,0.8068484328640234,2,0.00035422472705456167,0.0005939956496446225,0.43311639823374737,23
0,24,1.2821466190066613,1.2731033194402128,COMPLETE,300,7,0.005008677555939241,0.5526201280873375,0.8603406288607635,4,0.0002515930188452266,0.0006084233673296557,0.10207634978224508,24
0,25,1.2780651642267309,1.2731033194402128,COMPLETE,150,6,0.0077326545232082955,0.5508866794492822,0.7192804088715611,2,0.0018358852070797333,0.0010144400944088494,0.64329543159195,25
0,26,1.2999923589403266,1.2731033194402128,COMPLETE,100,5,0.008894495575844189,0.5330677527890159,0.7201219900800487,2,0.00033061437332994385,0.0007470791879992096,7.609720526642726,26
0,27,1.288511262260205,1.2731033194402128,COMPLETE,150,6,0.0220207401128435,0.5692426961415743,0.9458980898479019,2,0.004766779852919531,0.0016443606458368856,0.9527793292621601,27
0,28,1.2826212793104952,1.2731033194402128,COMPLETE,300,4,0.0018615530637740955,0.5352840685285665,0.8444167163472329,1,0.0013683481766830646,0.00031935937909810747,0.6998039505910137,28
0,29,1.2968301258519552,1.2731033194402128,COMPLETE,150,7,0.00396877476889218,0.5907452213484287,0.7376262281966426,2,0.07281073853505424,0.010028568173362723,3.4625266084096524,29
0,30,1.2934037389247672,1.2731033194402128,COMPLETE,400,8,0.007724627185270609,0.7529581636187569,0.6579455424149941,3,0.00011023101301158948,0.0011999750280274391,0.10150655146219148,30
0,31,1.2922990233121552,1.2731033194402128,COMPLETE,350,5,0.002077082739579667,0.8244811489476257,0.9268782005699934,2,0.00031076876865601227,0.06215616532996155,0.1695089108124709,31
0,32,1.2771368960930063,1.2731033194402128,COMPLETE,250,6,0.006378675331285332,0.6240419433599711,0.7819251097284605,5,0.0019455046375335388,0.00733425657381952,0.23302684335036783,32
0,33,1.2959428302863758,1.2731033194402128,COMPLETE,250,6,0.01223712548659937,0.6217110982603542,0.7752128596824008,5,0.0011004380730107682,0.003199555816440484,0.048518954612034766,33
0,34,1.2708537821514556,1.2708537821514556,COMPLETE,150,6,0.0069400559915303315,0.5882873112396318,0.6801974345794999,3,0.006502706397708064,0.008933114647049871,0.054244672609553055,34
0,35,1.2863424531871204,1.2708537821514556,COMPLETE,250,7,0.0037857402783626807,0.6839227434216095,0.6842386301501654,7,0.0067716270510745176,0.007236441756789357,0.054509862577294094,35
0,36,1.2790163874119702,1.2708537821514556,COMPLETE,400,5,0.006991704861480189,0.5941373978139042,0.632619269462102,4,0.018009041433053884,0.058488956152548184,0.01631468662628649,36
0,37,1.3832260914449752,1.2708537821514556,COMPLETE,300,4,0.06619866171927419,0.6370847696584132,0.8424173107033995,5,0.3233506041088346,0.32974895329452913,0.14446921734126617,37
0,38,1.2987844948822933,1.2708537821514556,COMPLETE,100,6,0.0010658959831056135,0.7355789226847389,0.625796303597987,3,0.05441849568710499,0.005280349484721031,0.04820501309193487,38
0,39,1.335201992307836,1.2708537821514556,COMPLETE,200,8,0.02540275779499426,0.6841787747408874,0.8052878218295412,6,0.015015462246243378,0.031022939448299144,0.007985781895853155,39
0,40,1.2814422552493985,1.2708537821514556,COMPLETE,350,3,0.015339435048913193,0.5805290828232776,0.7473478928802159,1,0.003303205330558579,0.002893763303575261,0.003340791698214049,40
0,41,1.4445426145297169,1.2708537821514556,COMPLETE,450,4,0.1973118609797628,0.5296229591731981,0.5590573002007949,4,0.0004459845025163082,0.022577933252999692,1.8352978868999188,41
0,42,1.282829132698939,1.2708537821514556,COMPLETE,150,6,0.003953174652222495,0.558787898583331,0.7274329480241419,2,0.00730840513334529,0.00104332181820026,0.5848723181620754,42
0,43,1.280448202497662,1.2708537821514556,COMPLETE,150,6,0.006827022771847645,0.54603473926075,0.7648579891852789,1,0.0020591521183379933,0.0002124964917482522,1.018046949497998,43
0,44,1.2775429066395207,1.2708537821514556,COMPLETE,250,5,0.002292549453080596,0.5998677137074169,0.6816364777073853,2,0.00017226013040609018,0.0004295648037838024,0.28283552945752743,44
0,45,1.2796452953189914,1.2708537821514556,COMPLETE,250,5,0.0020834695388248507,0.6030573674176724,0.6722528317699796,3,0.00020308851562780183,0.0004015311733189054,0.254851934965855,45
0,46,1.280855392090503,1.2708537821514556,COMPLETE,200,5,0.0023771480868134834,0.6357999048661833,0.7873287470175665,1,0.00010554065110804958,0.002149720363628884,0.09681366271749332,46
0,47,1.2682107245099878,1.2682107245099878,COMPLETE,300,6,0.004555141792975493,0.5781697223740824,0.5903409991253366,3,0.0005037777997423445,0.05411852957942547,0.2514261675880619,47
0,48,1.2822873355123479,1.2682107245099878,COMPLETE,300,7,0.004722966854873029,0.5128854108852708,0.5403317102892633,5,0.0008129012860737738,1.5118725771848025,0.030334134678329256,48
0,49,1.2738698269179445,1.2682107245099878,COMPLETE,450,6,0.00603106873148318,0.575434344508039,0.5063111727108183,3,0.0004912308192830348,0.05847044134657009,0.00014336212836111196,49
0,50,1.2968823471481408,1.2682107245099878,COMPLETE,550,6,0.009615620648585527,0.5784761860319133,0.5115103528595527,3,0.0004788216335433811,0.06024813708690208,0.00011716181601417469,50
0,51,1.2771550662153084,1.2682107245099878,COMPLETE,500,7,0.0035192031246347793,0.6624464182806606,0.604021753418995,4,0.03663809191673546,0.30629719153425433,0.000342537711851328,51
0,52,1.2736100994876174,1.2682107245099878,COMPLETE,450,6,0.005336479358747776,0.6230542102083283,0.586840216644105,3,0.0009809840568428495,0.018315308482509392,0.0008344288588220897,52
0,53,1.268431864997082,1.2682107245099878,COMPLETE,400,6,0.006115812682583483,0.5672991443596097,0.5764923534296302,3,0.00036768787600974505,0.018916017653773296,0.00038706048677461877,53
0,54,1.3006458771788527,1.2682107245099878,COMPLETE,450,6,0.012422404041288759,0.5749459731017496,0.5768373326219299,3,0.00040397378972467895,0.017584138757595257,0.0004240221963143593,54
0,55,1.279442948897631,1.2682107245099878,COMPLETE,400,6,0.005620126523451708,0.5172970243371516,0.5341503889048508,4,0.0008297545898665055,0.10467640819569721,0.0009188660199337201,55
0,56,1.2896109780979883,1.2682107245099878,COMPLETE,450,7,0.004386458334148991,0.8837567402194255,0.5010516649781318,3,0.0002491882155806627,0.04868731294644974,0.00026819884225665384,56
0,57,1.3279223026709026,1.2682107245099878,COMPLETE,500,6,0.019701496879650886,0.5634163668377401,0.5676127932116273,10,0.0005887722631291142,0.18918387033558262,0.0001842391325691046,57
0,58,1.2960342446310253,1.2682107245099878,COMPLETE,600,5,0.006142365626569222,0.5279166927450685,0.5927294423144298,4,0.00014363944816981852,0.04070744430544526,0.001581964725753416,58
0,59,1.2812558608921016,1.2682107245099878,COMPLETE,350,7,0.008268089886113435,0.5048787218376073,0.6233956172973986,3,0.0011152619862505203,0.0988989229923607,0.0007835495569857053,59
0,60,1.2818526542286477,1.2682107245099878,COMPLETE,400,2,0.00339080977217895,0.9989516455010892,0.552090975071041,2,0.00034141060024409905,0.017939702048585613,0.00020190103710827264,60
0,61,1.2843569049603492,1.2682107245099878,COMPLETE,500,5,0.011098599938943922,0.5870971645063802,0.6036951290803987,2,0.0046112540258139165,0.010587500077793468,0.0005797529785401804,61
0,62,1.274315129724587,1.2682107245099878,COMPLETE,450,6,0.004874955502265947,0.6106810827283697,0.5291124015866675,3,0.0007035151649287138,0.08370591738253268,0.0016432148430545067,62
0,63,1.2750957103280538,1.2682107245099878,COMPLETE,550,6,0.004411890631502988,0.6111540706003066,0.52145176237949,3,0.0006390514893462579,0.03710066182592403,0.0016943927449553809,63
0,64,1.2671082775783733,1.2671082775783733,COMPLETE,450,6,0.0027032100854757165,0.5522353339268121,0.5433395493176063,3,0.0002310539304281059,0.09143834145276938,0.0004789006054480175,64
0,65,1.275804605109529,1.2671082775783733,COMPLETE,500,6,0.0016514334817033475,0.5472939294612568,0.5837265001538985,4,0.0002539182166884528,0.1915450612310562,0.00012659036843714943,65
0,66,1.2557901249698318,1.2557901249698318,COMPLETE,400,6,0.002853205660640677,0.5616476175614934,0.5479208222564843,2,0.0001639975089509833,0.02213666818045271,0.0005203499472949776,66
0,67,1.2576220774232314,1.2557901249698318,COMPLETE,400,7,0.002583746414528075,0.5547708093060935,0.5513599839506667,1,0.00017298760905457033,0.01798982915059666,0.0042387411043837845,67
0,68,1.2615423005255022,1.2557901249698318,COMPLETE,400,8,0.0025934282241162885,0.5568690502304436,0.641925754314424,1,0.00016269801220953475,0.006470415578001135,0.004369319870258666,68
0,69,1.2583705753122125,1.2557901249698318,COMPLETE,350,8,0.002623308275895236,0.5412670877333979,0.6381539798212456,1,0.00017875314951111727,0.00445166367965707,0.0032618095418369855,69
0,70,1.2683126444987205,1.2557901249698318,COMPLETE,400,8,0.0014270421359602594,0.5382540053112939,0.5492898586611011,1,0.00016294466846086995,0.004840351489750974,0.002524078198722543,70
0,71,1.2731082261315319,1.2557901249698318,COMPLETE,350,8,0.0012969762629940398,0.538578295420826,0.6525504198508354,1,0.0001508543655722815,0.005748974558525743,0.0038885390998509226,71
0,72,1.25739114169125,1.2557901249698318,COMPLETE,400,8,0.002610207749481213,0.5227209592665651,0.549799926922069,1,0.00019131688581046678,0.004474252596244348,0.0028899182058563268,72
0,73,1.2662026410120917,1.2557901249698318,COMPLETE,400,8,0.001596387425133335,0.5204763975187977,0.558113505914701,1,0.00021052606514896166,0.0036036095816063224,0.0029240022590872727,73
0,74,1.2616168780831498,1.2557901249698318,COMPLETE,350,8,0.002850604198490422,0.5210960067007909,0.6149008693987789,1,0.0002075794820586926,0.00418355025890159,0.006009902196750082,74
0,75,1.2613532659623412,1.2557901249698318,COMPLETE,350,8,0.002661201556069602,0.5021723000254747,0.6119199026030016,1,0.0002212580106910449,0.004191670771736247,0.004412468911091152,75
0,76,1.2772117338465,1.2557901249698318,COMPLETE,350,8,0.001063869330279715,0.5205615122402143,0.6383222289087764,1,0.00011940317400976985,0.0035214556209165544,0.004938951041828464,76
0,77,1.270583985896914,1.2557901249698318,COMPLETE,400,8,0.0015947409700720124,0.5068615986786646,0.6154462731787642,1,0.00019148385776647498,0.0017518386833400947,0.01068283238466486,77
0,78,1.2639779330540493,1.2557901249698318,COMPLETE,350,8,0.0025320358282197924,0.5018497794810269,0.5658684797717345,1,0.00010218413372436044,0.003688886502468424,0.0024891622813033023,78
0,79,1.26261062613386,1.2557901249698318,COMPLETE,350,8,0.002587133053205714,0.5064884837238315,0.6054132444861653,1,0.00012959591938107044,0.007488835725145507,0.014414343731004422,79
0,80,1.2634037872987893,1.2557901249698318,COMPLETE,300,8,0.003287430233536004,0.5298031371545909,0.6120023358745346,1,0.00013727205102999408,0.012128498179369882,0.016191223601016092,80
0,81,1.3103407829403964,1.2557901249698318,COMPLETE,350,8,0.0018830885866242062,0.9654741445134281,0.6457888861454825,1,0.0002874168059506629,0.007993506591115845,0.006294841213724254,81
0,82,1.2643337447065404,1.2557901249698318,COMPLETE,300,8,0.0030624723324486013,0.500036706336555,0.6148001447318547,1,0.0001377649617268539,0.013038479483205268,0.015397530280046189,82
0,83,1.2603789711846782,1.2557901249698318,COMPLETE,300,8,0.0032144123284004135,0.5260797645122848,0.667892614439305,1,0.00013097860164854977,0.005860151190237425,0.018729561888100377,83
0,84,1.2605610158595195,1.2557901249698318,COMPLETE,350,8,0.002686378441833433,0.5407564530026389,0.6973732490491413,2,0.00018224302924462122,0.0021911132390373123,0.009048074261813829,84
0,85,1.265717297242653,1.2557901249698318,COMPLETE,400,8,0.0020603153189060895,0.522899076280922,0.6974106324090564,2,0.00017403551113593196,0.002445036348322451,0.0044274944309295045,85
0,86,1.275776246905135,1.2557901249698318,COMPLETE,300,8,0.0023084851023354447,0.7909798920551411,0.6684505565465809,2,0.00027892349965299653,0.001565674642442465,0.007982293655364025,86
0,87,1.298119698411958,1.2557901249698318,COMPLETE,350,7,0.00290071303915159,0.5421797617997351,0.6983836441258541,2,0.00019729777930593075,8.999249708111789,0.0013256066199177085,87
0,88,1.261190116162872,1.2557901249698318,COMPLETE,400,8,0.0038103346347606528,0.5563500325705455,0.6603760447295317,1,0.00010639263829316533,0.004561001193339448,0.006025882335013093,88
0,89,1.2615545773390566,1.2557901249698318,COMPLETE,400,7,0.0018154844944393094,0.5598683710221862,0.641443933933077,2,0.00010739127140306319,0.0061157549097126986,0.02198017064297538,89
0,90,1.2553155555925868,1.2553155555925868,COMPLETE,300,8,0.003724345913081553,0.5545129931889325,0.6585669833581049,1,0.0003050721627761353,0.002065562648130432,0.009001963127238784,90
0,91,1.2588674703820633,1.2553155555925868,COMPLETE,300,8,0.0037542156931221165,0.5440737730491657,0.6870162214041524,2,0.00029193961770687573,0.0013446355822139312,0.01092574735688312,91
0,92,1.2600422794934452,1.2553155555925868,COMPLETE,300,8,0.00377340087260112,0.5384908756246511,0.687775408453051,2,0.0003103465132584417,0.0014559877028518422,0.010346279183752003,92
0,93,1.264506456839404,1.2553155555925868,COMPLETE,300,8,0.0037913134400911533,0.538402971852225,0.7118297248246641,2,0.0003074225499348582,0.0013150775918052845,0.009076029762535671,93
0,94,1.2674694556746826,1.2553155555925868,COMPLETE,250,8,0.0036109407833583807,0.5622223012394636,0.6908339566341393,2,0.00035992406174206027,0.0007842947136320911,0.011597600622757857,94
0,95,1.2622912380690074,1.2553155555925868,COMPLETE,300,7,0.003165036855923066,0.549496475646013,0.6585675975950316,2,0.00012778048941994836,0.0025164215056686125,0.040572217240380556,95
0,96,1.2622405094869682,1.2553155555925868,COMPLETE,250,8,0.004254120277048066,0.590485181369592,0.7329129258905142,1,0.00040602599858258827,0.0018389870733949698,0.0066463923020038986,96
0,97,1.3629116591974642,1.2553155555925868,COMPLETE,300,7,0.03672219454183509,0.5665711978594996,0.6791880011983505,9,0.0002676777079677197,0.0008830663484915905,0.023180668305692056,97
0,98,1.2636490073552809,1.2553155555925868,COMPLETE,300,8,0.0034558793649498735,0.5303004380079266,0.7111201224876617,2,0.0001808420964166506,0.0005515648745620143,0.011987138284330399,98
0,99,1.2622919964448407,1.2553155555925868,COMPLETE,350,7,0.0021510687222698307,0.5453449641704284,0.6709699913329846,1,0.00011979082184128637,0.0028253392315005094,0.019170326968899646,99
0,100,1.2625255390607102,1.2553155555925868,COMPLETE,700,8,0.0023487011288422528,0.5822027543578497,0.7567615782780044,2,0.00015564715691739905,0.001301582170403759,0.037389171114814594,100
0,101,1.275159110831178,1.2553155555925868,COMPLETE,250,8,0.0019820877965555537,0.5126156719442394,0.6551810397646146,1,0.00032318936437029575,0.002098603309627211,0.0020613048484512337,101
0,102,1.2554807765218103,1.2553155555925868,COMPLETE,350,8,0.0038319105020953033,0.5341053897829036,0.6876060002760587,1,0.0002116436342397735,0.004546105710055472,0.0032439923753142014,102
0,103,1.260477210456535,1.2553155555925868,COMPLETE,350,8,0.0039749400496025145,0.5698869432476734,0.6913863997386919,1,0.00010111169392026862,0.009421415527835235,0.003308471261159086,103
0,104,1.2581899190709263,1.2553155555925868,COMPLETE,350,8,0.003150373806735627,0.5724508916473772,0.7041512332124595,1,0.000249190459092121,0.003039989381414209,0.0033865952763912437,104
0,105,1.2566640114094936,1.2553155555925868,COMPLETE,300,8,0.0032245591946746823,0.5700907086473727,0.6866157386363192,1,0.0005479963777767386,0.009950045221708193,0.0011784967162236455,105
0,106,1.3900177954955835,1.2553155555925868,COMPLETE,300,7,0.1293883784511038,0.6044400273980691,0.7254350057265426,1,0.0005256120454854888,0.014106079317705009,0.001083608916808247,106
0,107,1.2730485118335202,1.2553155555925868,COMPLETE,250,8,0.0033070504679994024,0.5279346116599268,0.7161652256184767,1,0.00041152402535324736,0.02583685416524352,0.002358006660893044,107
0,108,1.2858071629804324,1.2553155555925868,COMPLETE,300,8,0.004141043944581018,0.8390722167930871,0.7398729947872371,7,0.00023697893206144473,0.00301543857317366,0.0013618065981726248,108
0,109,1.2654257342312074,1.2553155555925868,COMPLETE,400,8,0.005124608562613919,0.5954237036889702,0.6834736799476238,1,0.0002695147420862688,0.0014620482149348428,0.0006269506515477987,109
0,110,1.2559713619340318,1.2553155555925868,COMPLETE,300,7,0.003019844871230204,0.5717794111872879,0.6328246382013197,1,0.0005717320735760773,0.0010211779657533918,0.0034019388667775193,110
0,111,1.2561598210879323,1.2553155555925868,COMPLETE,350,7,0.002953670102212004,0.5730133658530573,0.6348741455194054,1,0.0015772511940681966,0.0010555038692687843,0.0032834362438203465,111
0,112,1.2620281551178363,1.2553155555925868,COMPLETE,350,7,0.0023817917147224486,0.5729899314108852,0.6274221010917099,1,0.001522234771739407,0.0010910193992578426,0.003286711272762062,112
0,113,1.2602505767333163,1.2553155555925868,COMPLETE,350,7,0.0029190561659783168,0.5804510324656988,0.705638110754566,1,0.0007929808192768491,0.0006963900276790674,0.0011563779645067443,113
0,114,1.2599426166896102,1.2553155555925868,COMPLETE,300,7,0.0035956782252956976,0.5558591418754166,0.6779703836577972,1,0.000602932633636669,0.0005959622510538006,0.001950956842313573,114
0,115,1.2669828159593235,1.2553155555925868,COMPLETE,400,7,0.0017408529291387785,0.5568529184061807,0.6516321599308359,1,0.0009624309442394197,0.0004938205679478043,0.0022097283140965836,115
0,116,1.25707196829506,1.2553155555925868,COMPLETE,250,7,0.004747031283887477,0.5884806930882743,0.5161559188651574,1,0.0006311225318237947,0.0002975727586970698,0.002801533303178109,116
0,117,1.2686085968413017,1.2553155555925868,COMPLETE,250,7,0.0022227271059783067,0.5967310716605916,0.535467748964441,1,0.00042641629496597677,0.00027328366291774666,0.002911270281918509,117
0,118,1.2670132161717074,1.2553155555925868,COMPLETE,200,7,0.0047799203890693635,0.6493286504051969,0.521483005444784,1,0.0023202635794648398,0.0008924600905454859,0.005268113714511508,118
0,119,1.2638577801627906,1.2553155555925868,COMPLETE,350,7,0.0024394003519612436,0.5850912811919142,0.5466858986927667,1,0.0014653102066920414,0.00015410841638456365,0.0036595686695922707,119
0,120,1.2635727581662748,1.2553155555925868,COMPLETE,450,7,0.0030429128160243462,0.6072216668468592,0.5178391810413083,2,0.0004789536634236331,0.0002636894957242158,0.0007232802278605076,120
0,121,1.2637378213962782,1.2553155555925868,COMPLETE,350,8,0.005665814154449437,0.5691280689543685,0.5955366457386828,1,0.0006442381659591638,0.015329448263771367,0.007532299746050493,121
0,122,1.2550581626909092,1.2550581626909092,COMPLETE,300,7,0.003538223871241848,0.5518925598403964,0.6361332179103774,1,0.000567972968152339,0.00043167166906663245,0.001860369621307895,122
0,123,1.2601128165835935,1.2550581626909092,COMPLETE,300,7,0.002779063921026179,0.5481823415315833,0.5733293283509344,1,0.0010668057222479948,0.0003710865752677173,0.001541973392455285,123
0,124,1.2612061351104742,1.2550581626909092,COMPLETE,250,7,0.004311781959029661,0.5655835677880459,0.6377878864388054,1,0.000554123169805794,0.00011043801314842906,0.002798553918097268,124
0,125,1.2567197638732182,1.2550581626909092,COMPLETE,400,7,0.003214068807576942,0.5798328860023039,0.6294892649645638,1,0.00024078224387090203,0.0002213084293462273,0.0018220236826369512,125
0,126,1.259656821953002,1.2550581626909092,COMPLETE,400,7,0.0031159371666949075,0.6179698157646416,0.6206828329845155,1,0.00022665173400583652,0.00020459686703887172,0.001756421713626681,126
0,127,1.2583536152348684,1.2550581626909092,COMPLETE,400,7,0.0034288311479204123,0.5771299737895896,0.6326173007684981,1,0.000871049277539034,0.00015313738742963923,0.0010332210565044968,127
0,128,1.2632147761769015,1.2550581626909092,COMPLETE,450,7,0.003405535736111802,0.587786670229146,0.5987477867908055,1,0.0007338743255657276,0.00019325520967550475,0.0012464050191287495,128
0,129,1.2575551840760022,1.2550581626909092,COMPLETE,400,7,0.004612498761214276,0.6323103288440578,0.6282562862095731,1,0.0012120921036088397,0.0002458643699621818,0.0008883095118158417,129
0,130,1.2558380530293898,1.2550581626909092,COMPLETE,400,7,0.005509994870426209,0.6250599458336054,0.6493871365097551,1,0.0012554191101118274,0.00029768452911723586,0.0009294888114149191,130
0,131,1.2606909553060768,1.2550581626909092,COMPLETE,450,7,0.005163550386724519,0.6315631284156703,0.6301530709345328,1,0.0026927241194819418,0.00032720122373141984,0.0004885499556190409,131
0,132,1.2704526949587762,1.2550581626909092,COMPLETE,400,7,0.004588804398867943,0.6508400763275206,0.6461735152695292,1,0.0011368292240027428,0.00020268306863789034,0.0008811608672300185,132
0,133,1.2635887678254918,1.2550581626909092,COMPLETE,400,7,0.006476854419581181,0.598253794133718,0.6610710270339674,1,0.001291619144330245,0.00037493553399802447,0.0018730661410618925,133
0,134,1.2621176373612215,1.2550581626909092,COMPLETE,400,7,0.0039634926671442425,0.613076407488565,0.557053311989064,1,0.00165224806517742,0.00045804736572203344,0.0006697625678992093,134
0,135,1.2682630586380201,1.2550581626909092,COMPLETE,350,7,0.003011290863110525,0.7017642871404431,0.5012579625870208,1,0.0003736923965741483,0.00026326761703850517,0.00028724989384186397,135
0,136,1.2585547368595225,1.2550581626909092,COMPLETE,450,7,0.004283013826200181,0.5732702489042794,0.5824600166547226,1,0.0006879509710590051,0.023188838376968203,0.002323207600051055,136
0,137,1.263851245375409,1.2550581626909092,COMPLETE,400,7,0.0025330873405020973,0.7557724458888911,0.5281585984181283,2,0.0004829637548868945,0.000299124346087212,0.0041064299220034605,137
0,138,1.2622290560522864,1.2550581626909092,COMPLETE,350,7,0.002864437739249761,0.6260616788044681,0.6489848646954465,1,0.001989689348930419,0.00013799028737821917,0.0014189416586804452,138
0,139,1.2624235877197587,1.2550581626909092,COMPLETE,400,7,0.004849749718365305,0.589859809942656,0.6716188980432429,1,0.00120278963321319,0.00023288595315914425,0.00522263507847568,139
0,140,1.2552968292293745,1.2550581626909092,COMPLETE,350,7,0.005866915677237036,0.5587880592956057,0.621174016754755,2,0.003943954238796203,0.0006775812044774816,0.0009934244862646192,140
0,141,1.2716205815734685,1.2550581626909092,COMPLETE,400,7,0.0076471337530684925,0.5519326685449579,0.6211908357295463,2,0.003921839411332812,0.0006204331171244724,0.0009361819922515676,141
0,142,1.2612360238878293,1.2550581626909092,COMPLETE,350,7,0.005377934506482727,0.5666655880989774,0.6332394602287152,1,0.008924743213451283,0.0008816146830168307,0.002664268364690221,142
0,143,1.265126824495318,1.2550581626909092,COMPLETE,350,7,0.005807400486374332,0.5621581892904217,0.6623736309789721,1,0.0026139906463271087,0.0004434839708344841,0.0019198815223132654,143
0,144,1.2728270895458647,1.2550581626909092,COMPLETE,300,2,0.0033173465602221648,0.5829281499210807,0.5124931398982521,2,0.4124891907760771,0.00017536283783850764,0.0005287516775910536,144
0,145,1.2642909638289515,1.2550581626909092,COMPLETE,400,7,0.004053006885622744,0.6694939301767008,0.6081521670398565,1,0.0009302828118328542,0.0006998857240555031,0.003862726206174403,145
0,146,1.2557413556272692,1.2550581626909092,COMPLETE,350,7,0.0037598525511630767,0.5325151691528448,0.5668182440923899,1,0.00033489701782416127,0.03968900215772371,0.001149826068493781,146
0,147,1.2581582602150763,1.2550581626909092,COMPLETE,300,7,0.0036456104464171386,0.5280189867001512,0.5662095654560184,1,0.003175111543299709,0.034398697838004554,0.0011868945133004913,147
0,148,1.2555748282121564,1.2550581626909092,COMPLETE,450,7,0.004694378422429852,0.536215657992271,0.5347103951423894,1,0.00034814027060005786,0.04560781497310989,0.0008633867473647383,148
0,149,1.2623379364764742,1.2550581626909092,COMPLETE,450,7,0.004637673647726363,0.5139143561612428,0.5404146034869574,1,0.0005559398649122577,0.043128573826742296,0.0007917976120762139,149
0,150,1.268140273386573,1.2550581626909092,COMPLETE,250,7,0.007249319623501263,0.5350208634958862,0.6218648905656977,2,0.00034717365966245,0.027690846437892113,0.0003436929767500823,150
