RMSE,MAE,Pearson_r,R2,Spearman_rho,n,scramble
1.400503283935472,1.0012224918685033,-0.01710287616983233,-0.1280042998889821,-0.01850272311829832,191,1
1.321013746203547,0.9496702490508243,0.188860905076642,-0.0035919423401331585,0.1779444165017646,191,2
1.4092234268657415,1.0022667852452913,0.02004078948355725,-0.14209492225197007,0.009543500754359302,191,3
1.4045973816171635,1.0097896367018135,-0.00973078173260275,-0.13460893978668742,-0.017436210536816345,191,4
1.4213552684248216,1.0162309022798588,-0.04377715023973195,-0.1618438924998964,-0.04419288851462596,191,5
1.3816413743324267,0.9756278670595577,0.06081143809202347,-0.09782509046633536,0.06149217898648014,191,6
1.4597152196978984,1.058593610124438,-0.03156210664881716,-0.22540250718523858,-0.03561127274493793,191,7
1.4478561305843969,1.0292699662111504,-0.07658923710144419,-0.20557243908956369,-0.04682063428967018,191,8
1.4217223929253973,1.0452431551810961,0.031125879048223504,-0.162444159659471,-0.03276350762022182,191,9
1.4639428019961407,1.0754597377015656,-0.090778114328218,-0.2325107316736461,-0.13602707057621102,191,10
1.4337037217672746,1.010704298292779,-0.06900396172426974,-0.18211932575479928,-0.030807014616485814,191,11
1.545154852183676,1.1333712775750935,-0.12848988283278276,-0.3730505049553816,-0.16730340239649794,191,12
1.3713149280318484,0.9857059495686237,0.09335636299137876,-0.08147603372838219,0.03920047293841138,191,13
1.4016013853567426,0.9761843398372541,0.009686092216871174,-0.12977387621531533,0.07375599725791782,191,14
1.4288615760976875,1.0116655982676601,-0.07638469063030048,-0.17414790478525544,-0.061941690143148376,191,15
1.393054956857745,0.9737020199261411,0.03145300950872453,-0.11603802537144436,0.044446492031175365,191,16
1.3894661273430156,1.0093852858256296,0.056664904852932185,-0.11029509191810427,0.04838014521826432,191,17
1.4001746183680912,1.0003201886259447,0.0498532608015672,-0.1274749292321593,0.07371217471378065,191,18
1.3804944743789525,0.9932827494699916,0.06567704976945157,-0.0960032386005687,0.06857068800527857,191,19
1.4118843726995203,1.0309344976847086,0.014452940368327213,-0.14641208288231056,0.006991543668748292,191,20
1.4110615324092717,0.9912420739361442,0.01668936141275011,-0.14507622395572706,-0.0077984157754548014,191,21
1.3727040523421359,0.9856032438353093,0.08174741615976183,-0.08366818598505743,0.05508793670268406,191,22
1.4506708915555686,1.0741095582402815,-0.008270832658067636,-0.2102644754204963,-0.05419192835304175,191,23
1.4953119125493055,1.0358699944119178,-0.10817856620344271,-0.2858966902467488,-0.021532187197146595,191,24
1.4216678029898016,1.0268912670262822,-0.031851205266543024,-0.16235489253695845,-0.042851244104493605,191,25
1.4148520756702128,1.0192928060985984,0.001285610657637104,-0.15123653768780243,0.00019849103757092887,191,26
1.415527371800831,0.9610856088718195,-0.02930528014711353,-0.15233574957264362,0.03953631460718649,191,27
1.4507213554882148,1.0390778702166692,-0.08059762316272098,-0.2103486788985125,-0.07843638739499117,191,28
1.447269004467634,1.0553381937473856,0.011573335534670513,-0.20459488402236636,-0.0048796072208055034,191,29
1.3888095663881936,1.0077977957950213,0.06270930109881356,-0.10924604990024878,0.049635245813750783,191,30
1.4007006839009903,1.0000421090512999,0.00102285189168895,-0.12832230514453236,-0.02623526225872416,191,31
1.3801963142744194,0.9911765445888977,0.056724254896069914,-0.09552985872590125,0.04597414105786009,191,32
1.408917122336825,0.9786325348659336,0.05306678238579194,-0.1415984916340831,0.09792411098870699,191,33
1.3910133685857655,0.9548418195599504,0.04583621650265366,-0.11276920885468722,0.10752014082459264,191,34
1.4392453017613018,1.044351059752609,-0.012996781217483315,-0.19127528854462073,-0.05668792085802803,191,35
1.4712138720329302,1.0451130898822663,-0.1208028976507785,-0.24478433570927538,-0.08041771815444149,191,36
1.4429160841529558,1.031482507669489,-0.0411915437232255,-0.19735971193589608,-0.03958803369130391,191,37
1.5076917156379634,1.0834463369796412,-0.1483837020818431,-0.30727690612286995,-0.1405755723569036,191,38
1.3997768320096233,1.021223009010572,0.04350650654341717,-0.12683439421258735,0.010783962097617101,191,39
1.3826838076713988,0.9826153226036051,0.07786888615840926,-0.09948230950763004,0.08918921363686007,191,40
1.4182208625505215,1.0219257638828918,0.01636142744608278,-0.1567252919189508,0.031208732920289885,191,41
1.4072115144568365,0.9730534664236439,0.02390962472509835,-0.13883617044472718,0.11193344480529119,191,42
1.3901219814770742,1.020698316476732,0.05765519313913833,-0.11134349960764034,0.05784614404906013,191,43
1.4482212167390893,1.0655367597293166,-0.03122302634742416,-0.206180501297498,-0.06668653013020182,191,44
1.4176760787721667,1.0272212556350917,0.00729433121831697,-0.15583679259076355,-0.010347367928209464,191,45
1.4867557571529737,1.0847563675298741,-0.12417053814255108,-0.2712230235515558,-0.1071739655660091,191,46
1.4486470984310442,1.0675069832880615,0.029830190573846706,-0.20689001406775187,0.030416921601216264,191,47
1.435218468778043,0.9899082837354448,-0.07749910233768588,-0.18461852779057386,0.015935687183378847,191,48
1.4765219754156331,1.0511448043166653,-0.10890160556898407,-0.25378284206702095,-0.12496969891491161,191,49
1.4251575178673017,1.0344753860041733,-0.04031515963115791,-0.1680682744693709,-0.09679818026582634,191,50
1.4268913560538778,1.0148776791470213,0.023422018067050826,-0.17091213320319376,0.038352257441633224,191,51
1.3351334836820354,0.9726185553247079,0.18771337358638107,-0.02516050768663991,0.148231901272492,191,52
1.3915899521028268,1.0087803370301949,0.07019273594776093,-0.1136918992803515,0.0159813272050329,191,53
1.4067538299810254,0.9811618142090542,-0.0650033780034282,-0.13809549590112602,-0.030345486801702317,191,54
1.472880209701684,1.0536414867471027,-0.11288885105460247,-0.24760568715699982,-0.12045133677116035,191,55
1.4504049555100538,1.0312482490327344,-0.07987427432701416,-0.20982078629768175,-0.031585047815814817,191,56
1.4346947046796277,1.0286554118307472,-0.047162603530455385,-0.18375406366306635,-0.09936779959819794,191,57
1.4180725683994595,0.9820025773850412,0.005052246001687938,-0.15648340205323974,0.0481373058577654,191,58
1.463044728463027,1.0200028730799389,-0.09098487667316231,-0.230998998087109,-0.036034088794600946,191,59
1.3896258999513473,0.9688257577285093,0.061942225153673196,-0.11055044890527976,0.10285796955600693,191,60
1.3753003326591617,1.0013190225456396,0.04837707801160228,-0.08777128024812098,0.03798670670215878,191,61
1.3910010944630782,1.0153941729174079,0.06600891646248161,-0.1127495710771631,0.07485351060882518,191,62
1.4033640400897607,1.0256011249026702,-0.0002136510773957448,-0.13261727161243542,-0.03703477257813251,191,63
1.4007834367381107,1.0303166818194365,0.038846256415805566,-0.1284556307453495,-0.019876229430340106,191,64
1.4321761191272895,1.0117210240688623,-0.05682770751851464,-0.17960158581128272,-0.009065141659475784,191,65
1.4984918421425253,1.0448792126184983,-0.14039507665761006,-0.2913716801833599,-0.09048780142279048,191,66
1.3654919522651263,0.9710835240199305,0.07485210275189513,-0.07231105148543637,0.08328658102501654,191,67
1.4165577455951175,0.9969750527736403,-0.008958303159660905,-0.15401394911603816,0.046068004498620314,191,68
1.39827842783914,0.9953673726089335,0.011139278458895481,-0.12442322465067246,0.036806524632783694,191,69
1.416938471503779,1.020258508544942,-0.0007079609143711661,-0.15463435736157605,-0.0029846851896782626,191,70
1.370477972118651,0.9819015337553324,0.12625728009484502,-0.08015632003887685,0.12565489211188735,191,71
1.421599525663702,1.0573943501167895,0.01823010039530251,-0.16224324820185543,-0.040172691512891115,191,72
1.4294181576232525,1.0479468458035852,0.002649434273789268,-0.1750628098019995,0.007339862727704174,191,73
1.390347682578339,0.9796328926510834,0.026684547614792796,-0.11170440579812646,-0.003162078481390242,191,74
1.4491081758649038,1.0153295490180012,-0.041024957762071136,-0.20765839762814742,0.008340929240399206,191,75
1.3936677611400008,0.9884145029789491,0.0903771570120337,-0.11702013064192629,0.09573769561173265,191,76
1.4292465277029505,1.031857530957117,-0.02723574950419355,-0.17478064768207902,-0.048720723115701636,191,77
1.3765788497607774,0.988731523882032,0.08756151046984952,-0.08979466464470698,0.14007094872125692,191,78
1.4181788035686007,1.022790515474624,0.0205134508445723,-0.15665668488033146,0.02054834333413234,191,79
1.4503297801736994,1.0524997073114701,-0.05938246792508515,-0.20969537811118677,-0.07344986465984205,191,80
1.4606012748532085,1.0392132071350255,-0.1425672612599982,-0.22689061079561257,-0.14435766622680174,191,81
1.3680023461370745,0.9439898373493973,0.06542337626005512,-0.07625746446300763,0.11025811155759381,191,82
1.4225267858546882,1.0520474731324543,0.008562334369677321,-0.1637599248054562,-0.010755975291885843,191,83
1.4602184304291634,1.0414949610645234,-0.12578706721479985,-0.22624752403575643,-0.12871304182302798,191,84
1.4192020683382738,1.0074175681543598,0.025313013439132465,-0.1583264221871663,0.020028219313772945,191,85
1.4425769594310787,1.0300108337748737,-0.1350156053801093,-0.1967969535512215,-0.12935243269242674,191,86
1.4342816600516843,1.0312831795577604,-0.0647617231539641,-0.18307256275210126,-0.05361841411867196,191,87
1.410804499886051,0.9945921678143645,0.001152606003918956,-0.14465909824121526,-0.002003855290358141,191,88
1.3872893301181157,1.0000276582094385,0.06497166674939875,-0.10681894517691459,0.100384065593463,191,89
1.401856478483004,0.9954456773216187,0.06434910333890777,-0.13018515402826947,0.0903857572234319,191,90
1.4300378526459372,1.0150673928922382,-0.028874799194694895,-0.17608187957468013,-0.025979505910964654,191,91
1.483640238279335,1.0524744536564612,-0.06067090961862855,-0.265900872095574,-0.0681000791027514,191,92
1.3998753705877804,0.9794877910976012,0.023155269338408363,-0.1269930488848876,0.04760512598262945,191,93
1.4379904987008847,1.0666712926120658,-0.050017333722231855,-0.18919897222806248,-0.12252236039527352,191,94
1.4171393210477665,1.0362774487866468,0.05299651263229677,-0.15496171698255523,0.04295501056882027,191,95
1.4045888033144618,0.9971248434151655,0.041653253174139045,-0.13459508102639117,0.0935340575850775,191,96
1.3866507273372046,0.9818557248989324,0.044333732263034956,-0.10580018873095143,0.08612185972871408,191,97
1.3997192111497196,0.9910408880498395,0.010024397072022712,-0.12674162538130496,-0.030007022538813828,191,98
1.3727539369457797,0.9961530525197533,0.0915151613400528,-0.08374694926997384,0.008300456013649385,191,99
1.43070342143934,1.0068101195440242,-0.048736002805346124,-0.17717687933725412,0.001826461998646161,191,100
1.3633843294321006,0.9613191388402309,0.10191459306046552,-0.06900340388192316,0.09973808656633458,191,101
1.4249549730133115,1.0094983370716035,-0.04826667261652732,-0.16773628393050277,-0.05639039958479265,191,102
1.408617065593268,1.0212525902874963,0.024127746311978795,-0.14111229149551208,-0.030775152714576377,191,103
1.4416182037054108,0.9996109354857998,-0.0666341363472536,-0.19520666802276865,-0.049727386989542925,191,104
1.4657200470275615,1.078353638922357,-0.1079981809396976,-0.23550511533717322,-0.13390567070178158,191,105
1.507926409718413,1.066323388526577,-0.1097617036434012,-0.3076839310178372,-0.08442887326509393,191,106
1.3659734497557774,0.9607924253016866,0.11956369445125216,-0.07306741787882554,0.12338909024045851,191,107
1.4280331864645752,1.0443099610543376,-0.04065501316168633,-0.17278686321423398,-0.06947315484855116,191,108
1.4557253068228178,1.037801934710348,-0.0887914918818918,-0.21871275406145907,-0.07974990991306945,191,109
1.440176019081008,1.0507383794711211,-0.03668133713823282,-0.19281651162461766,-0.04116127160456759,191,110
1.3811151536383794,0.9819514918658123,0.06774260706862258,-0.09698900046662562,0.05153275124233013,191,111
1.400804656255319,1.0240229605950453,0.03785918196403487,-0.12848981942064785,0.0395965938810692,191,112
1.4344280791991544,1.0224657293689188,-0.07856453617884517,-0.1833141238383218,-0.043476051878814516,191,113
1.3935392717761688,1.0210101107078071,0.04000066352601721,-0.11681417253079851,0.060251717643222354,191,114
1.445901446162476,1.0057150370837507,-0.03232171489002139,-0.20231945986640132,-0.03734128790537175,191,115
1.3825071841760443,1.0140581750233135,0.0317127897052789,-0.099201432557529,-0.04194877726122101,191,116
1.4120624962333364,1.0369226924711499,0.0387044390318148,-0.1467013641527879,-0.018295620755887008,191,117
1.4933793261633046,1.0888380380463225,-0.12529462755587523,-0.28257497455233826,-0.1504299419380009,191,118
1.380990065498989,0.9941335580161729,0.03747463058755953,-0.09679030001997546,-0.014300827162431305,191,119
1.3834292949240188,0.958940655472391,0.06661281654545455,-0.10066822201020953,0.09146045056351224,191,120
1.3988511207458196,1.0393032349766238,0.06486423702451341,-0.12534447332787457,0.03426446153990134,191,121
1.4378301738732464,1.0073521512359846,-0.029815294064255843,-0.18893381402017573,-0.04141880371713948,191,122
1.3232651196473701,0.9506065654305264,0.1868157627180626,-0.007015654814086725,0.1383792539563628,191,123
1.4633172023096284,1.0607091366857757,-0.1422774608153598,-0.23145755722625228,-0.1435690543167119,191,124
1.4578325866408905,1.0342312374239815,-0.07937194294814026,-0.2222436779168988,-0.04967701073922666,191,125
1.4087801426841675,0.9878399471013334,0.0338727748996237,-0.14137652234903286,0.040162357923082655,191,126
1.380039883003148,0.9782192292687781,0.09602999880029385,-0.09528153837476472,0.13151043069742785,191,127
1.4193479839101508,1.0260221586071383,0.015839903781513176,-0.1585646216020189,0.0172906791470138,191,128
1.429180417734353,1.037692372947463,-0.007803796227516285,-0.1746719709576281,-0.05195944238817132,191,129
1.4326338173093225,1.0020178985271153,-0.07391425613509324,-0.18035566593540642,-0.038371251919664395,191,130
1.4272694027671835,1.0066476724335036,-0.005760676412541167,-0.17153266835704328,0.026309353635619884,191,131
1.4463051135200384,1.0507270702441949,-0.0341230954958103,-0.20299088165508028,-0.03687498466526477,191,132
1.4219159224189666,1.0261620406505323,-0.0015467059779382814,-0.16276065258703287,0.01200074229756384,191,133
1.425988431924504,0.9731148874647331,-0.044714196301386504,-0.16943071654674835,0.03882544974161251,191,134
1.402168222790208,1.0073804047107695,0.017928683897304742,-0.1306878702030474,-0.0024809226865156013,191,135
1.4368179218780184,1.0500912854109758,-0.055881621549930725,-0.1872603521511822,-0.11970516547374078,191,136
1.4584734726524258,1.0473477088893273,-0.08389119180949682,-0.2233185490134293,-0.07183093558984922,191,137
1.3877188828268945,0.9919359636122643,0.110985309262423,-0.10750447006574282,0.10373890808717855,191,138
1.432521521986311,1.0386302071141946,-0.01783385976185218,-0.18017063159606983,-0.024224517908493712,191,139
1.3576878904338034,0.9857869500404719,0.12467010179927193,-0.060089129210673775,0.03049571522350581,191,140
1.4782234442825148,1.0428151339560903,-0.13324573516803703,-0.25667409820072473,-0.08485427271220905,191,141
1.4061532781887633,1.0107296607119873,0.00778372709022785,-0.13712398349682964,-0.016552709988998607,191,142
1.4083523203649677,0.9740385872893308,0.003462252988148444,-0.14068339474032365,0.06366008001504767,191,143
1.467802468700926,1.0496356291761573,-0.09293070913813872,-0.23901829688635345,-0.11024390287160718,191,144
1.4285268433257725,1.0251341435871821,-0.0407662805690467,-0.17359784485892327,-0.03432301854881598,191,145
1.384639101743425,0.9845922949445186,0.039659009425879944,-0.10259412912390964,0.012755094353581773,191,146
1.408021002712158,1.0453837902948493,0.04178990902611361,-0.1401467618463188,-0.004980790287680055,191,147
1.3591546607176064,0.9850523090724547,0.11831170864441568,-0.06238088884321091,0.04779586682784404,191,148
1.5131285239505643,1.0924339251324768,-0.16273980168867266,-0.31672211128418404,-0.14047137532633494,191,149
1.393412927945869,0.986762730886799,0.057675757170107055,-0.11661167205350731,0.07244200265916755,191,150
1.3900525103211059,0.9972097922045524,0.015889927842949927,-0.11123242390430366,-0.033260811629754194,191,151
1.4670303760033812,1.0652457771176442,-0.12098793066296279,-0.23771514418740525,-0.14539102520764824,191,152
1.3468637685615625,0.9786226707032993,0.15277823284557673,-0.043253457567549614,0.1703638672447716,191,153
1.4318973551293201,1.0508744711139437,-0.014766974336933303,-0.1791424265678081,-0.0597660389222245,191,154
1.427773148063867,1.0277274377071421,0.0021150559580746103,-0.17235978370883287,-0.0042548556036354,191,155
1.4670322271213707,1.072212831240791,-0.1345468331939722,-0.23771826771947735,-0.165593193283197,191,156
1.3827425324918212,0.9775108016398564,0.08377798214388023,-0.09957570507927938,0.11429768404021955,191,157
1.3827629232435492,0.9908042119916195,0.10060193276273575,-0.09960813532569102,0.09295236259210934,191,158
1.4656342507397695,1.0590273571961524,-0.06883983518686958,-0.23536047837155394,-0.0766631805240326,191,159
1.4027383352109977,1.0246042441685161,0.04251777083531727,-0.13160751769945023,0.030221444527339474,191,160
1.3664340557573835,0.9356006849466663,0.10507939760657907,-0.07379121617124573,0.15709553793070274,191,161
1.3639613215633866,0.9977819618985291,0.10188720564993953,-0.06990841218675592,0.031078311492194345,191,162
1.5026522124729398,1.1123745080831786,-0.12681353075457227,-0.2985522899379409,-0.15774655408863605,191,163
1.4387771119896091,0.9996031149132714,-0.04380734732965961,-0.19050036548297644,-0.015541288505689104,191,164
1.3872368012987955,0.9705566682353693,0.025956027847981303,-0.10673512878704616,0.05290884095182404,191,165
1.4922475099120196,1.0912335818353749,-0.14229024511697475,-0.28063161149200977,-0.18983622554009755,191,166
1.4321314725101368,1.0542021255299685,-0.024475923285479834,-0.17952804122581023,-0.03850898355372828,191,167
1.4258609385509162,1.015940402285591,-0.06629237904647463,-0.16922161526817292,-0.044671678175751496,191,168
1.4290669206623845,1.0173255124753682,-0.03195152733532053,-0.17448540733870854,-0.033226796896634665,191,169
1.3526466251262792,0.974564533095475,0.11967083058841042,-0.05223125736415235,0.07954108528569007,191,170
1.4013466114066726,0.9810656712123471,0.008611125249017762,-0.1293631877049084,0.059064646513974944,191,171
1.4666778291036842,1.0595511143944027,-0.08732216636229045,-0.23712033686335965,-0.09930235352941098,191,172
1.4429288135225362,1.0578506456129058,0.021831044575162703,-0.19738083818390462,-0.02472182191802608,191,173
1.4181158267712253,1.0128096458000662,0.0021448108868304117,-0.15655396029279545,0.015487037159194665,191,174
1.3892957825002061,0.9705202481996327,-0.011904017421246027,-0.11002287016964996,0.03959228821864901,191,175
1.4527446524113485,1.0463176630729156,-0.07741768907814982,-0.21372713950369837,-0.10034561553382393,191,176
1.4089993721744543,1.0249008766533658,0.016783671241585023,-0.14173178411783138,0.014047223645881896,191,177
1.370453603490931,0.9738929766091999,0.10728065133258538,-0.08011790761086046,0.11881949071390693,191,178
1.3808558332843182,1.00154953844385,0.062193252358943,-0.09657709437923256,0.052009818638487595,191,179
1.445848852876399,0.9946553134219184,-0.08945322661701713,-0.2022319950098721,-0.025739249947917847,191,180
1.5003821269408018,1.0600791152629863,-0.1323004340571504,-0.29463175786279794,-0.07506664089862479,191,181
1.4132255145493406,1.0388908607383205,0.02191556643605988,-0.14859105940980477,-0.009396247099588678,191,182
1.4098292621953672,1.018698892854271,0.07588919225204302,-0.14307712304640474,0.09386214906149626,191,183
1.3921672982891176,1.009877839112157,0.026627792420831124,-0.11461619332476025,-0.012656494684159338,191,184
1.404232152002296,0.9877463885489559,0.02512314780675772,-0.13401896444513373,0.0249401190027299,191,185
1.3814182713903558,0.9864536648820207,0.06372702269721393,-0.09747057266305514,0.04182907984593962,191,186
1.3944005742266967,0.9505369166260615,0.04332374832482977,-0.11819513404023207,0.05897121363945674,191,187
1.4795435743550893,1.0645543806421818,-0.03147207134055237,-0.25891965052150745,-0.006761181698430143,191,188
1.404726169421034,1.0026414220045998,0.06779616682286713,-0.13481701434894777,0.09394998457486822,191,189
1.3902059491251488,0.9743156379386393,0.05627134273377866,-0.1114777608011508,0.06624519973213196,191,190
1.4502131202385302,1.0983115893059379,-0.04178056049215373,-0.20950077780638576,-0.1005742462083362,191,191
1.464437935710235,1.0579458446936456,-0.09306833311881482,-0.23334459050454526,-0.11041397653720482,191,192
1.4107318819175403,0.976628703364527,0.01981047478682286,-0.14454126380125,0.06390894730293487,191,193
1.4070950351102425,1.0093446637685386,0.025753007523487505,-0.13864764810578745,-0.026148287877836247,191,194
1.4603763314117642,1.0669938184129009,-0.088774388964664,-0.22651273936764915,-0.13371880495274516,191,195
1.3705116813208142,0.9650016422221795,0.06826342214856831,-0.0802094572016745,0.07129229722108299,191,196
1.3690020903938325,0.9574670060941685,0.07579541118825303,-0.07783110998932452,0.13432891731768662,191,197
1.366453688431598,0.965963415424237,0.105518000058134,-0.07382207246391448,0.1211040751940617,191,198
1.415819296577622,1.0286093532340062,-0.0008413402217112426,-0.15281109190887654,-0.02595065797274936,191,199
1.3566997683379363,0.9641124991521783,0.1084257411662278,-0.05854662991253945,0.11785071666936336,191,200
