feature,mean_abs_shap,mean_shap,std_abs_shap,mean_shap_signed_corr
control_PCE,0.20685542537411256,0.006688205200155174,0.25467087968086694,-0.5510269943840908
surface_max,0.15924103198329675,-0.005142585235975079,0.09898584507189623,0.5722160581261255
PSA,0.12657604281798945,0.004289853050969205,0.06528900725720711,-0.3559817315163663
HOMO_calc,0.11610095004702138,-0.010606477928540862,0.09543847629476998,0.7150160483349799
LUMO_calc,0.0859214303362695,0.016180668510748324,0.06988632042898642,-0.08837131158935399
MPI,0.08502476593728077,-0.00899613285064907,0.055858647328179425,-0.563149832477108
MolLogP,0.08488409879390856,-0.007896761800086981,0.06606998983272772,0.20071835630409202
surface_min,0.08042862687730817,-0.0041775296199416554,0.06093787330350113,0.4963067015959286
MetalOxide_TiO2,0.07772351407890653,0.001348571960923371,0.06958806001082628,-0.9689266183919903
anchor_end_CA,0.06634250615496894,0.0013316598058015377,0.028714989898606994,-0.9202882841859901
dipole,0.05571956289140298,0.001724580822770509,0.044195738454131175,0.33514980232166897
alkyl_num,0.05401742205585915,0.0008852720021496754,0.06227342674381022,-0.8150861739340455
NumHAcceptors,0.05261615988051704,0.0008996316936571855,0.024335257569570477,0.7741300872168346
frag_sym,0.03358264344425553,-0.002429224565407043,0.016276301165992175,-0.9016316288112923
anchor_end_N,0.025488356380043802,-0.00020487425295082298,0.025778822442018692,0.9837566860076503
MetalOxide_NiOx,0.02524670469181335,-0.001964684584973011,0.028829503238663554,-0.6160787840499475
TPSA,0.024063974119164888,0.005120044552116982,0.019151997605551946,0.3303387005044887
MetalOxide_SnO2,0.0220715517494387,-0.001300603759879884,0.015986158393656306,0.3123074794795765
anchor_end_PA,0.01956339730663007,0.0006021473636464761,0.020822560328865324,-0.9803491915345783
NumHDonors,0.006134636637684994,0.0016577059002818649,0.004899189019034504,-0.2861936677379778
anchor_end_O,0.0016374405033504674,-0.0004133968543248704,0.0018399766413553923,0.8056273873854763
anchor_end_SA,0.0,0.0,0.0,0.0
anchor_end_BA,0.0,0.0,0.0,0.0
anchor_end_S,0.0,0.0,0.0,0.0
anchor_end_SiO,0.0,0.0,0.0,0.0
MetalOxide_ITO,0.0,0.0,0.0,0.0
MetalOxide_ZnO,0.0,0.0,0.0,0.0
