label,random_cv,random_nested,group_cv,group_nested
M01,25.150250253677367,25.090695915222167,25.04674154281616,25.311619100570677
M02,24.88717490196228,24.91709750652313,24.847556290626525,24.980414447784423
M03,24.11589175224304,23.507199761867522,24.161927757263182,24.597202715873717
M04,24.819437561035155,24.8384389257431,24.790027318000792,25.105362710952758
M05,23.731457233428955,23.829052805900574,23.915853261947632,24.142048835754395
M06,23.78408908843994,23.96114468574524,23.984989047050476,24.268683910369873
M07,23.794230580329895,23.946609139442444,23.999982476234436,24.30033779144287
M08,23.680567383766174,23.571783185005188,23.638391613960266,23.84694278240204
M09,23.767643928527832,23.966492772102356,23.775206804275513,23.866045117378235
