model,model_label,feature,mean_abs_shap,mean_shap,std_abs_shap,mean_shap_signed_corr
random_cv,Random split + CV,control_PCE,0.13572517536483025,0.00518671680857461,0.19544759568955647,-0.2649029242166077
random_cv,Random split + CV,surface_max,0.0871481251250533,-0.0077905400125477635,0.07265897251754659,0.5983499002487553
random_cv,Random split + CV,HOMO_calc,0.0732909199036553,1.648066146928515e-05,0.10718190068549127,0.49727847302109285
random_cv,Random split + CV,MPI,0.06336958250418927,0.006660160161282129,0.056376394560300115,-0.5288505636728551
random_cv,Random split + CV,MolLogP,0.057372743938866,-0.0008107137868677996,0.07420230189837401,0.48978509201386555
random_cv,Random split + CV,LUMO_calc,0.05202632362960611,0.002598638004971551,0.0980392927203164,0.30944043056829396
random_cv,Random split + CV,surface_min,0.048463489250164596,-0.0014370720482720818,0.04875937289641192,0.5423817902044243
random_cv,Random split + CV,PSA,0.04612260335590428,-0.005796935329140848,0.057842361977575786,-6.861549189224091e-05
random_cv,Random split + CV,alkyl_num,0.03877282904851437,-0.0011239332402715467,0.10174940547075766,-0.6847992789771055
random_cv,Random split + CV,NumHAcceptors,0.03617309308561039,0.00028898885202497613,0.027616328777128153,0.7352638460512716
random_cv,Random split + CV,anchor_end_CA,0.027546921580283157,0.002516250215210692,0.015361220026075576,-0.8716841854945292
random_cv,Random split + CV,dipole,0.022111114039534686,-0.0010176084831835248,0.024036270406109828,-0.18972727627854732
random_cv,Random split + CV,frag_sym,0.02163268458979154,-0.00017079457783282878,0.01028465371849691,-0.9049133336224866
random_cv,Random split + CV,TPSA,0.019374924704541562,0.0009018671094504949,0.01934140161648494,-0.10948662862537736
random_cv,Random split + CV,anchor_end_PA,0.01598967653636292,0.00014085640505728152,0.02467574748398802,-0.7905459214403058
random_cv,Random split + CV,MetalOxide_TiO2,0.015629414177850662,-0.002591621204759052,0.024401011180074664,-0.7190410430783313
random_cv,Random split + CV,MetalOxide_NiOx,0.011540688557730178,0.0014060596929027212,0.016952141217256713,-0.47903154079479393
random_cv,Random split + CV,anchor_end_N,0.008324691683015886,-0.00034611871975718167,0.010140393046584944,0.8664803234504962
random_cv,Random split + CV,MetalOxide_SnO2,0.007858644875103654,-0.00043649537713520714,0.007299523723539112,0.017829936373622356
random_cv,Random split + CV,NumHDonors,0.00721212153681942,-0.0009072465805188954,0.007251578919781321,0.06729541801293537
random_cv,Random split + CV,MetalOxide_ZnO,0.0062360711388399,-0.00035368450046810614,0.01720167166011985,0.8680936771811291
random_cv,Random split + CV,anchor_end_O,0.002335316624282256,-0.00038961832135166397,0.003020898466288176,0.6349325450601658
random_cv,Random split + CV,anchor_end_BA,0.0020734878687378383,-0.0002710795922974137,0.004488816248926522,0.8061085861030675
random_cv,Random split + CV,anchor_end_SiO,0.0011678801608083246,0.0003427604855263584,0.0023905274252793715,-0.7379861842528933
random_cv,Random split + CV,MetalOxide_ITO,0.0003897828113261861,9.110783048527082e-05,0.0012999933063244928,-0.9650203372494266
random_cv,Random split + CV,anchor_end_SA,0.0003668657752338756,1.864337133844635e-05,0.0007627696351336759,-0.37980805087512437
random_cv,Random split + CV,anchor_end_S,0.0003358054181147849,-8.134790474073966e-05,0.0008348985037860752,0.6607693618969704
random_nested,Random split + NestedCV,control_PCE,0.18084365143000172,0.012203118813157015,0.2591189950889267,-0.35168374685813714
random_nested,Random split + NestedCV,surface_max,0.12997494387515895,-0.0096262491660545,0.105264641460867,0.691159707736311
random_nested,Random split + NestedCV,MolLogP,0.09396195783778534,0.012929231735069078,0.1487660607074089,0.6694629355369781
random_nested,Random split + NestedCV,LUMO_calc,0.08670967294555183,-0.003759613780005623,0.1826849588875537,0.373970131103491
random_nested,Random split + NestedCV,HOMO_calc,0.07630439062756465,-0.002575805102530573,0.10421314787624562,0.43799130268390696
random_nested,Random split + NestedCV,alkyl_num,0.0759465539694747,-0.006015542248024832,0.20387184363964356,-0.7279127133702811
random_nested,Random split + NestedCV,MPI,0.07423502857279533,0.008085349348343821,0.05902647604887588,-0.5177114885462623
random_nested,Random split + NestedCV,surface_min,0.06099819073446073,-0.00239879416554473,0.06148546354665167,0.6619491053104439
random_nested,Random split + NestedCV,PSA,0.04027516410900028,-0.00689696927129098,0.032016455041746536,-0.47174088925036695
random_nested,Random split + NestedCV,anchor_end_CA,0.037602151953825005,0.002825403091002692,0.022549887943364082,-0.8575746362973145
random_nested,Random split + NestedCV,dipole,0.03241344863269111,-0.0007648905747709586,0.034375951551315564,0.18103365340607425
random_nested,Random split + NestedCV,NumHAcceptors,0.031010523896773456,0.0007746707562038356,0.022395187500202474,0.75554244172851
random_nested,Random split + NestedCV,MetalOxide_NiOx,0.026247880900087808,0.0014160360911806525,0.03263721174339149,-0.6927749312368604
random_nested,Random split + NestedCV,MetalOxide_TiO2,0.023667414156210858,-0.0015612221480927194,0.03128136289614108,-0.8041459419957234
random_nested,Random split + NestedCV,anchor_end_PA,0.021881909243896738,-0.002478993732717123,0.03381235709627007,-0.8633220272210625
random_nested,Random split + NestedCV,frag_sym,0.018988775710264843,-0.00011421066734033662,0.010749101376977939,-0.8780770668471699
random_nested,Random split + NestedCV,TPSA,0.018091976489551336,-0.0034413675233293827,0.018233678204397155,0.11461465950939521
random_nested,Random split + NestedCV,anchor_end_N,0.007630052011164308,-0.00041324675066379814,0.008767335436809747,0.8892874268271953
random_nested,Random split + NestedCV,NumHDonors,0.007619362404298741,-0.0010682011630902904,0.009320745155946438,0.1708025767739395
random_nested,Random split + NestedCV,MetalOxide_SnO2,0.006068779726315821,-0.0012903576723663325,0.005980366635852448,0.563944963987706
random_nested,Random split + NestedCV,MetalOxide_ZnO,0.0043441912650680255,-0.0003327145673825431,0.010983186775434884,0.9187417006652248
random_nested,Random split + NestedCV,anchor_end_O,0.0007873447478699303,-3.991008576974252e-05,0.001147966223822832,0.7373376600282195
random_nested,Random split + NestedCV,anchor_end_SA,0.0002263139787730226,-0.00014221441982429882,0.000301029272101051,0.5911659532564251
random_nested,Random split + NestedCV,anchor_end_BA,0.000193212614994827,1.328182969626977e-05,0.0004578759997577049,0.7121854702528911
random_nested,Random split + NestedCV,MetalOxide_ITO,7.909029556423513e-05,3.772837535589215e-05,0.00019120566236400613,-0.9039159814176586
random_nested,Random split + NestedCV,anchor_end_S,7.596838546502309e-05,-3.987377088354126e-05,0.00014002020004209704,0.8294296421279546
random_nested,Random split + NestedCV,anchor_end_SiO,6.88844794887438e-05,3.884058542672056e-05,0.0001398984644412623,-0.5364809833147763
group_cv,Group split + CV,control_PCE,0.09136039275557499,0.005937373616705388,0.12492000245664697,-0.37147622032906535
group_cv,Group split + CV,MPI,0.06749118503281712,0.004673022621097295,0.04905631421990379,-0.6483923132950893
group_cv,Group split + CV,surface_max,0.06679947044635359,-0.008317808602277928,0.05087753938021694,0.7511474695913615
group_cv,Group split + CV,HOMO_calc,0.04817316778415032,-0.005014434520866793,0.05031833509606359,0.5987379547933277
group_cv,Group split + CV,MolLogP,0.04698961993327012,0.002105982797975476,0.06458926028465627,0.5659639210513634
group_cv,Group split + CV,LUMO_calc,0.044041765939894235,-0.003532687209306394,0.07979218624759443,0.33425303235746967
group_cv,Group split + CV,alkyl_num,0.03684947734592726,-0.00041148157529155344,0.09249241454082355,-0.7820827408965583
group_cv,Group split + CV,surface_min,0.03637837778431047,-0.0018742976905930125,0.041804900824411226,0.6618358300830078
group_cv,Group split + CV,PSA,0.03434451648478841,-0.006989587031237714,0.05084303094907787,-0.0038475664662519808
group_cv,Group split + CV,NumHAcceptors,0.03233260770319428,-0.0012318138283549448,0.02281386765898748,0.7685010654887299
group_cv,Group split + CV,frag_sym,0.020481002254847874,0.000370887747907021,0.008263557029760286,-0.9386656484800199
group_cv,Group split + CV,anchor_end_CA,0.018970966641161893,0.001351562693614412,0.01109225007301963,-0.8551511730555267
group_cv,Group split + CV,dipole,0.017266880906325176,-0.0023928871271785175,0.021137786473494156,0.3753045428005508
group_cv,Group split + CV,MetalOxide_TiO2,0.017065172948138287,-0.002696144954890835,0.02094721496422026,-0.9192949544690102
group_cv,Group split + CV,TPSA,0.015221027059908977,-0.001556855207217358,0.013585632851287473,-0.31516939517231274
group_cv,Group split + CV,MetalOxide_NiOx,0.013717942210516068,0.0008873448603005707,0.01696012275720824,-0.6572660944712168
group_cv,Group split + CV,anchor_end_PA,0.011275201521932907,0.0021140470908485934,0.01556458012740367,-0.7425802903004951
group_cv,Group split + CV,anchor_end_N,0.009312076662427973,-0.00038132654672891304,0.010018691917651675,0.9308332340827556
group_cv,Group split + CV,MetalOxide_ZnO,0.007622082111517991,-0.0005255480032615565,0.01860142770702566,0.9542628921043881
group_cv,Group split + CV,MetalOxide_SnO2,0.006567958410209735,0.0018278557629503314,0.005708799462437326,0.009993770559177509
group_cv,Group split + CV,NumHDonors,0.00614826300636753,-0.0015848037495546836,0.005324573656300026,-0.14713813382839178
group_cv,Group split + CV,anchor_end_O,0.0020391736359194946,-0.00034540852776682423,0.0022803800005875238,0.8011961874729305
group_cv,Group split + CV,anchor_end_BA,0.0010433279693200814,-7.518206084896847e-05,0.002077253953277107,0.9013172487682847
group_cv,Group split + CV,anchor_end_SiO,0.0008267212038632138,0.00012507140136959434,0.0016753852222229973,-0.9236867364530611
group_cv,Group split + CV,anchor_end_S,0.0007452005425416697,-0.00032121067845576173,0.0015058871590981954,0.8953774715079625
group_cv,Group split + CV,anchor_end_SA,0.00044658438341295615,-5.419671768769141e-05,0.000778675035572275,-0.444522506131657
group_cv,Group split + CV,MetalOxide_ITO,0.0003434773869574545,8.491681349262656e-05,0.0010986974109576852,-0.9842165063609642
group_nested,Group split + NestedCV,control_PCE,0.20685542537411256,0.006688205200155174,0.25467087968086694,-0.5510269943840908
group_nested,Group split + NestedCV,surface_max,0.15924103198329675,-0.005142585235975079,0.09898584507189623,0.5722160581261255
group_nested,Group split + NestedCV,PSA,0.12657604281798945,0.004289853050969205,0.06528900725720711,-0.3559817315163663
group_nested,Group split + NestedCV,HOMO_calc,0.11610095004702138,-0.010606477928540862,0.09543847629476998,0.7150160483349799
group_nested,Group split + NestedCV,LUMO_calc,0.0859214303362695,0.016180668510748324,0.06988632042898642,-0.08837131158935399
group_nested,Group split + NestedCV,MPI,0.08502476593728077,-0.00899613285064907,0.055858647328179425,-0.563149832477108
group_nested,Group split + NestedCV,MolLogP,0.08488409879390856,-0.007896761800086981,0.06606998983272772,0.20071835630409202
group_nested,Group split + NestedCV,surface_min,0.08042862687730817,-0.0041775296199416554,0.06093787330350113,0.4963067015959286
group_nested,Group split + NestedCV,MetalOxide_TiO2,0.07772351407890653,0.001348571960923371,0.06958806001082628,-0.9689266183919903
group_nested,Group split + NestedCV,anchor_end_CA,0.06634250615496894,0.0013316598058015377,0.028714989898606994,-0.9202882841859901
group_nested,Group split + NestedCV,dipole,0.05571956289140298,0.001724580822770509,0.044195738454131175,0.33514980232166897
group_nested,Group split + NestedCV,alkyl_num,0.05401742205585915,0.0008852720021496754,0.06227342674381022,-0.8150861739340455
group_nested,Group split + NestedCV,NumHAcceptors,0.05261615988051704,0.0008996316936571855,0.024335257569570477,0.7741300872168346
group_nested,Group split + NestedCV,frag_sym,0.03358264344425553,-0.002429224565407043,0.016276301165992175,-0.9016316288112923
group_nested,Group split + NestedCV,anchor_end_N,0.025488356380043802,-0.00020487425295082298,0.025778822442018692,0.9837566860076503
group_nested,Group split + NestedCV,MetalOxide_NiOx,0.02524670469181335,-0.001964684584973011,0.028829503238663554,-0.6160787840499475
group_nested,Group split + NestedCV,TPSA,0.024063974119164888,0.005120044552116982,0.019151997605551946,0.3303387005044887
group_nested,Group split + NestedCV,MetalOxide_SnO2,0.0220715517494387,-0.001300603759879884,0.015986158393656306,0.3123074794795765
group_nested,Group split + NestedCV,anchor_end_PA,0.01956339730663007,0.0006021473636464761,0.020822560328865324,-0.9803491915345783
group_nested,Group split + NestedCV,NumHDonors,0.006134636637684994,0.0016577059002818649,0.004899189019034504,-0.2861936677379778
group_nested,Group split + NestedCV,anchor_end_O,0.0016374405033504674,-0.0004133968543248704,0.0018399766413553923,0.8056273873854763
group_nested,Group split + NestedCV,anchor_end_SA,0.0,0.0,0.0,0.0
group_nested,Group split + NestedCV,anchor_end_BA,0.0,0.0,0.0,0.0
group_nested,Group split + NestedCV,anchor_end_S,0.0,0.0,0.0,0.0
group_nested,Group split + NestedCV,anchor_end_SiO,0.0,0.0,0.0,0.0
group_nested,Group split + NestedCV,MetalOxide_ITO,0.0,0.0,0.0,0.0
group_nested,Group split + NestedCV,MetalOxide_ZnO,0.0,0.0,0.0,0.0
